INFO:__main__:Loading system from e2e_cuda_implicit/system.xml
INFO:__main__:Building mace-off-small model with 166 atoms
/home/mh7373/miniconda3/envs/tpstorch/lib/python3.12/site-packages/e3nn/o3/_wigner.py:10: UserWarning: Environment variable TORCH_FORCE_NO_WEIGHTS_ONLY_LOAD detected, since the`weights_only` argument was not explicitly passed to `torch.load`, forcing weights_only=False.
  _Jd, _W3j_flat, _W3j_indices = torch.load(os.path.join(os.path.dirname(__file__), 'constants.pt'))
/home/mh7373/miniconda3/envs/tpstorch/lib/python3.12/site-packages/mace/calculators/foundations_models.py:272: UserWarning: Environment variable TORCH_FORCE_NO_WEIGHTS_ONLY_LOAD detected, since the`weights_only` argument was not explicitly passed to `torch.load`, forcing weights_only=False.
  return torch.load(model, map_location=device)
INFO:committorch.models.equivariant.mace:Loaded mace-off-small (694320 params, r_max=4.5 A)
INFO:__main__:Model device: cuda
INFO:__main__:Generating folded boundary configs...
INFO:__main__:Generating unfolded boundary configs...
WARNING:root:Warning: importing 'simtk.openmm' is deprecated.  Import 'openmm' instead.
/media/extradrive/Trajectories/tps-torch/src/committorch/models/equivariant/mace.py:511: TracerWarning: Converting a tensor to a Python boolean might cause the trace to be incorrect. We can't record the data flow of Python values, so this value will be treated as a constant in the future. This means that the trace might not generalize to other inputs!
  if self.atomic_numbers.numel() == 0:
/media/extradrive/Trajectories/tps-torch/src/committorch/models/equivariant/mace.py:517: TracerWarning: Converting a tensor to a Python boolean might cause the trace to be incorrect. We can't record the data flow of Python values, so this value will be treated as a constant in the future. This means that the trace might not generalize to other inputs!
  if x.dim() == 2 and x.shape[-1] == n_atoms * 3:
/media/extradrive/Trajectories/tps-torch/src/committorch/models/equivariant/mace.py:492: TracerWarning: torch.tensor results are registered as constants in the trace. You can safely ignore this warning if you use this function to create tensors out of constant variables that would be the same every time you call this function. In any other case, this might cause the trace to be incorrect.
  "ptr": torch.tensor(
/home/mh7373/miniconda3/envs/tpstorch/lib/python3.12/site-packages/mace/modules/utils.py:609: TracerWarning: Converting a tensor to a Python integer might cause the trace to be incorrect. We can't record the data flow of Python values, so this value will be treated as a constant in the future. This means that the trace might not generalize to other inputs!
  num_graphs = int(data["ptr"].numel() - 1)
/home/mh7373/miniconda3/envs/tpstorch/lib/python3.12/site-packages/e3nn/o3/_tensor_product/_tensor_product.py:524: TracerWarning: Converting a tensor to a Python boolean might cause the trace to be incorrect. We can't record the data flow of Python values, so this value will be treated as a constant in the future. This means that the trace might not generalize to other inputs!
  assert x.shape[-1] == self._in1_dim, "Incorrect last dimension for x"
/home/mh7373/miniconda3/envs/tpstorch/lib/python3.12/site-packages/e3nn/o3/_tensor_product/_tensor_product.py:525: TracerWarning: Converting a tensor to a Python boolean might cause the trace to be incorrect. We can't record the data flow of Python values, so this value will be treated as a constant in the future. This means that the trace might not generalize to other inputs!
  assert y.shape[-1] == self._in2_dim, "Incorrect last dimension for y"
/home/mh7373/miniconda3/envs/tpstorch/lib/python3.12/site-packages/e3nn/o3/_tensor_product/_tensor_product.py:449: TracerWarning: Converting a tensor to a Python boolean might cause the trace to be incorrect. We can't record the data flow of Python values, so this value will be treated as a constant in the future. This means that the trace might not generalize to other inputs!
  assert weight.shape[-1] == self.weight_numel, "Invalid weight shape"
INFO:__main__:Starting training: 100000 iterations (from 0)
INFO:committorch.training.protein_loop:Collected 5 snapshots, 0 OPES kernels total
INFO:__main__:Iteration 1: loss=5.0066e-01, bke=5.3958e-06, boundary=5.0066e-01
INFO:__main__:  OPES: n_kernels=0, rct=-14.1346, ess=1.0000
INFO:committorch.training.protein_loop:Collected 5 snapshots, 0 OPES kernels total
INFO:__main__:Iteration 2: loss=5.0055e-01, bke=5.2656e-06, boundary=5.0055e-01
INFO:__main__:  OPES: n_kernels=0, rct=-14.1346, ess=1.0000
INFO:committorch.training.protein_loop:Collected 5 snapshots, 0 OPES kernels total
INFO:__main__:Iteration 3: loss=5.0045e-01, bke=3.3525e-06, boundary=5.0045e-01
INFO:__main__:  OPES: n_kernels=0, rct=-14.1346, ess=1.0000
INFO:committorch.training.protein_loop:Collected 5 snapshots, 0 OPES kernels total
INFO:__main__:Iteration 4: loss=5.0037e-01, bke=3.2817e-06, boundary=5.0036e-01
INFO:__main__:  OPES: n_kernels=0, rct=-14.1346, ess=1.0000
INFO:committorch.training.protein_loop:Collected 5 snapshots, 0 OPES kernels total
INFO:__main__:Iteration 5: loss=5.0029e-01, bke=3.3126e-06, boundary=5.0029e-01
INFO:__main__:  OPES: n_kernels=0, rct=-14.1346, ess=1.0000
INFO:committorch.training.protein_loop:Collected 5 snapshots, 0 OPES kernels total
INFO:__main__:Iteration 6: loss=5.0023e-01, bke=3.5205e-06, boundary=5.0022e-01
INFO:__main__:  OPES: n_kernels=0, rct=-14.1346, ess=1.0000
INFO:committorch.training.protein_loop:Collected 5 snapshots, 0 OPES kernels total
INFO:__main__:Iteration 7: loss=5.0017e-01, bke=3.7578e-06, boundary=5.0016e-01
INFO:__main__:  OPES: n_kernels=0, rct=-14.1346, ess=1.0000
INFO:committorch.training.protein_loop:Collected 5 snapshots, 0 OPES kernels total
INFO:__main__:Iteration 8: loss=5.0012e-01, bke=3.8248e-06, boundary=5.0012e-01
INFO:__main__:  OPES: n_kernels=0, rct=-14.1346, ess=1.0000
INFO:committorch.training.protein_loop:Collected 5 snapshots, 0 OPES kernels total
INFO:__main__:Iteration 9: loss=5.0008e-01, bke=4.0763e-06, boundary=5.0008e-01
INFO:__main__:  OPES: n_kernels=0, rct=-14.1346, ess=1.0000
INFO:committorch.training.protein_loop:Collected 5 snapshots, 0 OPES kernels total
INFO:__main__:Iteration 10: loss=5.0005e-01, bke=4.5127e-06, boundary=5.0005e-01
INFO:__main__:  OPES: n_kernels=0, rct=-14.1346, ess=1.0000
INFO:committorch.training.protein_loop:Collected 5 snapshots, 0 OPES kernels total
INFO:__main__:Iteration 11: loss=5.0003e-01, bke=4.8724e-06, boundary=5.0002e-01
INFO:__main__:  OPES: n_kernels=0, rct=-14.1346, ess=1.0000
INFO:committorch.training.protein_loop:Collected 5 snapshots, 0 OPES kernels total
INFO:__main__:Iteration 12: loss=5.0001e-01, bke=5.2900e-06, boundary=5.0001e-01
INFO:__main__:  OPES: n_kernels=0, rct=-14.1346, ess=1.0000
INFO:committorch.training.protein_loop:Collected 5 snapshots, 0 OPES kernels total
INFO:__main__:Iteration 13: loss=5.0001e-01, bke=5.5276e-06, boundary=5.0000e-01
INFO:__main__:  OPES: n_kernels=0, rct=-14.1346, ess=1.0000
INFO:committorch.training.protein_loop:Collected 5 snapshots, 0 OPES kernels total
INFO:__main__:Iteration 14: loss=5.0000e-01, bke=5.7276e-06, boundary=5.0000e-01
INFO:__main__:  OPES: n_kernels=0, rct=-14.1346, ess=1.0000
INFO:committorch.training.protein_loop:Collected 5 snapshots, 0 OPES kernels total
INFO:__main__:Iteration 15: loss=5.0001e-01, bke=6.0963e-06, boundary=5.0000e-01
INFO:__main__:  OPES: n_kernels=0, rct=-14.1346, ess=1.0000
INFO:committorch.training.protein_loop:Collected 5 snapshots, 0 OPES kernels total
INFO:__main__:Iteration 16: loss=5.0001e-01, bke=6.5627e-06, boundary=5.0000e-01
INFO:__main__:  OPES: n_kernels=0, rct=-14.1346, ess=1.0000
INFO:committorch.training.protein_loop:Collected 5 snapshots, 0 OPES kernels total
INFO:__main__:Iteration 17: loss=5.0002e-01, bke=6.8257e-06, boundary=5.0001e-01
INFO:__main__:  OPES: n_kernels=0, rct=-14.1346, ess=1.0000
INFO:committorch.training.protein_loop:Collected 5 snapshots, 0 OPES kernels total
INFO:__main__:Iteration 18: loss=5.0003e-01, bke=7.4169e-06, boundary=5.0002e-01
INFO:__main__:  OPES: n_kernels=0, rct=-14.1346, ess=1.0000
INFO:committorch.training.protein_loop:Collected 5 snapshots, 0 OPES kernels total
INFO:__main__:Iteration 19: loss=5.0003e-01, bke=8.0026e-06, boundary=5.0003e-01
INFO:__main__:  OPES: n_kernels=0, rct=-14.1346, ess=1.0000
INFO:committorch.training.protein_loop:Collected 5 snapshots, 0 OPES kernels total
INFO:__main__:Iteration 20: loss=5.0004e-01, bke=8.2628e-06, boundary=5.0003e-01
INFO:__main__:  OPES: n_kernels=0, rct=-14.1346, ess=1.0000
INFO:committorch.training.protein_loop:Collected 5 snapshots, 0 OPES kernels total
INFO:__main__:Iteration 21: loss=5.0004e-01, bke=8.5189e-06, boundary=5.0003e-01
INFO:__main__:  OPES: n_kernels=0, rct=-14.1346, ess=1.0000
INFO:committorch.training.protein_loop:Collected 5 snapshots, 0 OPES kernels total
INFO:__main__:Iteration 22: loss=5.0004e-01, bke=8.6925e-06, boundary=5.0003e-01
INFO:__main__:  OPES: n_kernels=0, rct=-14.1346, ess=1.0000
INFO:committorch.training.protein_loop:Collected 5 snapshots, 0 OPES kernels total
INFO:__main__:Iteration 23: loss=5.0004e-01, bke=9.1160e-06, boundary=5.0003e-01
INFO:__main__:  OPES: n_kernels=0, rct=-14.1346, ess=1.0000
INFO:committorch.training.protein_loop:Collected 5 snapshots, 0 OPES kernels total
INFO:__main__:Iteration 24: loss=5.0004e-01, bke=9.4877e-06, boundary=5.0003e-01
INFO:__main__:  OPES: n_kernels=0, rct=-14.1346, ess=1.0000
INFO:committorch.training.protein_loop:Collected 5 snapshots, 0 OPES kernels total
INFO:__main__:Iteration 25: loss=5.0003e-01, bke=9.8124e-06, boundary=5.0002e-01
INFO:__main__:  OPES: n_kernels=0, rct=-14.1346, ess=1.0000
INFO:committorch.training.protein_loop:Collected 5 snapshots, 0 OPES kernels total
INFO:__main__:Iteration 26: loss=5.0003e-01, bke=9.9934e-06, boundary=5.0002e-01
INFO:__main__:  OPES: n_kernels=0, rct=-14.1346, ess=1.0000
INFO:committorch.training.protein_loop:Collected 5 snapshots, 0 OPES kernels total
INFO:__main__:Iteration 27: loss=5.0002e-01, bke=9.7651e-06, boundary=5.0001e-01
INFO:__main__:  OPES: n_kernels=0, rct=-14.1346, ess=1.0000
INFO:committorch.training.protein_loop:Collected 5 snapshots, 0 OPES kernels total
INFO:__main__:Iteration 28: loss=5.0002e-01, bke=1.0104e-05, boundary=5.0001e-01
INFO:__main__:  OPES: n_kernels=0, rct=-14.1346, ess=1.0000
INFO:committorch.training.protein_loop:Collected 5 snapshots, 0 OPES kernels total
INFO:__main__:Iteration 29: loss=5.0002e-01, bke=9.9676e-06, boundary=5.0001e-01
INFO:__main__:  OPES: n_kernels=0, rct=-14.1346, ess=1.0000
INFO:committorch.training.protein_loop:Collected 5 snapshots, 0 OPES kernels total
INFO:__main__:Iteration 30: loss=5.0001e-01, bke=1.0415e-05, boundary=5.0000e-01
INFO:__main__:  OPES: n_kernels=0, rct=-14.1346, ess=1.0000
INFO:committorch.training.protein_loop:Collected 5 snapshots, 0 OPES kernels total
INFO:__main__:Iteration 31: loss=5.0001e-01, bke=1.0621e-05, boundary=5.0000e-01
INFO:__main__:  OPES: n_kernels=0, rct=-14.1346, ess=1.0000
INFO:committorch.training.protein_loop:Collected 5 snapshots, 0 OPES kernels total
INFO:__main__:Iteration 32: loss=5.0001e-01, bke=1.1042e-05, boundary=5.0000e-01
INFO:__main__:  OPES: n_kernels=0, rct=-14.1346, ess=1.0000
INFO:committorch.training.protein_loop:Collected 5 snapshots, 0 OPES kernels total
INFO:__main__:Iteration 33: loss=5.0001e-01, bke=1.0933e-05, boundary=5.0000e-01
INFO:__main__:  OPES: n_kernels=0, rct=-14.1346, ess=1.0000
INFO:committorch.training.protein_loop:Collected 5 snapshots, 0 OPES kernels total
INFO:__main__:Iteration 34: loss=5.0001e-01, bke=1.1116e-05, boundary=5.0000e-01
INFO:__main__:  OPES: n_kernels=0, rct=-14.1346, ess=1.0000
INFO:committorch.training.protein_loop:Collected 5 snapshots, 0 OPES kernels total
INFO:__main__:Iteration 35: loss=5.0001e-01, bke=1.1717e-05, boundary=5.0000e-01
INFO:__main__:  OPES: n_kernels=0, rct=-14.1346, ess=1.0000
INFO:committorch.training.protein_loop:Collected 5 snapshots, 0 OPES kernels total
INFO:__main__:Iteration 36: loss=5.0001e-01, bke=1.2128e-05, boundary=5.0000e-01
INFO:__main__:  OPES: n_kernels=0, rct=-14.1346, ess=1.0000
INFO:committorch.training.protein_loop:Collected 5 snapshots, 0 OPES kernels total
INFO:__main__:Iteration 37: loss=5.0001e-01, bke=1.2335e-05, boundary=5.0000e-01
INFO:__main__:  OPES: n_kernels=0, rct=-14.1346, ess=1.0000
INFO:committorch.training.protein_loop:Collected 5 snapshots, 0 OPES kernels total
INFO:__main__:Iteration 38: loss=5.0001e-01, bke=1.2367e-05, boundary=5.0000e-01
INFO:__main__:  OPES: n_kernels=0, rct=-14.1346, ess=1.0000
INFO:committorch.training.protein_loop:Collected 5 snapshots, 0 OPES kernels total
INFO:__main__:Iteration 39: loss=5.0001e-01, bke=1.2687e-05, boundary=5.0000e-01
INFO:__main__:  OPES: n_kernels=0, rct=-14.1346, ess=1.0000
INFO:committorch.training.protein_loop:Collected 5 snapshots, 0 OPES kernels total
INFO:__main__:Iteration 40: loss=5.0001e-01, bke=1.3742e-05, boundary=5.0000e-01
INFO:__main__:  OPES: n_kernels=0, rct=-14.1346, ess=1.0000
INFO:committorch.training.protein_loop:Collected 5 snapshots, 0 OPES kernels total
INFO:__main__:Iteration 41: loss=5.0001e-01, bke=1.3747e-05, boundary=5.0000e-01
INFO:__main__:  OPES: n_kernels=0, rct=-14.1346, ess=1.0000
INFO:committorch.training.protein_loop:Collected 5 snapshots, 0 OPES kernels total
INFO:__main__:Iteration 42: loss=5.0001e-01, bke=1.4139e-05, boundary=5.0000e-01
INFO:__main__:  OPES: n_kernels=0, rct=-14.1346, ess=1.0000
INFO:committorch.training.protein_loop:Collected 5 snapshots, 0 OPES kernels total
INFO:__main__:Iteration 43: loss=5.0001e-01, bke=1.4388e-05, boundary=5.0000e-01
INFO:__main__:  OPES: n_kernels=0, rct=-14.1346, ess=1.0000
INFO:committorch.training.protein_loop:Collected 5 snapshots, 0 OPES kernels total
INFO:__main__:Iteration 44: loss=5.0001e-01, bke=1.4882e-05, boundary=5.0000e-01
INFO:__main__:  OPES: n_kernels=0, rct=-14.1346, ess=1.0000
INFO:committorch.training.protein_loop:Collected 5 snapshots, 0 OPES kernels total
INFO:__main__:Iteration 45: loss=5.0001e-01, bke=1.5560e-05, boundary=5.0000e-01
INFO:__main__:  OPES: n_kernels=0, rct=-14.1346, ess=1.0000
INFO:committorch.training.protein_loop:Collected 5 snapshots, 0 OPES kernels total
INFO:__main__:Iteration 46: loss=5.0001e-01, bke=1.6090e-05, boundary=5.0000e-01
INFO:__main__:  OPES: n_kernels=0, rct=-14.1346, ess=1.0000
INFO:committorch.training.protein_loop:Collected 5 snapshots, 0 OPES kernels total
INFO:__main__:Iteration 47: loss=5.0001e-01, bke=1.6997e-05, boundary=5.0000e-01
INFO:__main__:  OPES: n_kernels=0, rct=-14.1346, ess=1.0000
INFO:committorch.training.protein_loop:Collected 5 snapshots, 0 OPES kernels total
INFO:__main__:Iteration 48: loss=5.0001e-01, bke=1.8058e-05, boundary=5.0000e-01
INFO:__main__:  OPES: n_kernels=0, rct=-14.1346, ess=1.0000
INFO:committorch.training.protein_loop:Collected 5 snapshots, 0 OPES kernels total
INFO:__main__:Iteration 49: loss=5.0002e-01, bke=1.9330e-05, boundary=5.0000e-01
INFO:__main__:  OPES: n_kernels=0, rct=-14.1346, ess=1.0000
INFO:committorch.training.protein_loop:Collected 5 snapshots, 0 OPES kernels total
INFO:__main__:Iteration 50: loss=5.0002e-01, bke=2.0031e-05, boundary=5.0000e-01
INFO:__main__:  OPES: n_kernels=0, rct=-14.1346, ess=1.0000
INFO:committorch.training.protein_loop:Collected 5 snapshots, 0 OPES kernels total
INFO:__main__:Iteration 51: loss=5.0002e-01, bke=2.0287e-05, boundary=4.9999e-01
INFO:__main__:  OPES: n_kernels=0, rct=-14.1346, ess=1.0000
INFO:committorch.training.protein_loop:Collected 5 snapshots, 0 OPES kernels total
INFO:__main__:Iteration 52: loss=5.0002e-01, bke=2.0960e-05, boundary=4.9999e-01
INFO:__main__:  OPES: n_kernels=0, rct=-14.1346, ess=1.0000
INFO:committorch.training.protein_loop:Collected 5 snapshots, 0 OPES kernels total
INFO:__main__:Iteration 53: loss=5.0001e-01, bke=2.0906e-05, boundary=4.9999e-01
INFO:__main__:  OPES: n_kernels=0, rct=-14.1346, ess=1.0000
INFO:committorch.training.protein_loop:Collected 5 snapshots, 0 OPES kernels total
INFO:__main__:Iteration 54: loss=5.0002e-01, bke=2.2202e-05, boundary=4.9999e-01
INFO:__main__:  OPES: n_kernels=0, rct=-14.1346, ess=1.0000
INFO:committorch.training.protein_loop:Collected 5 snapshots, 0 OPES kernels total
INFO:__main__:Iteration 55: loss=5.0002e-01, bke=2.3671e-05, boundary=4.9999e-01
INFO:__main__:  OPES: n_kernels=0, rct=-14.1346, ess=1.0000
INFO:committorch.training.protein_loop:Collected 5 snapshots, 0 OPES kernels total
INFO:__main__:Iteration 56: loss=5.0002e-01, bke=2.4794e-05, boundary=4.9999e-01
INFO:__main__:  OPES: n_kernels=0, rct=-14.1346, ess=1.0000
INFO:committorch.training.protein_loop:Collected 5 snapshots, 0 OPES kernels total
INFO:__main__:Iteration 57: loss=5.0002e-01, bke=2.6715e-05, boundary=4.9999e-01
INFO:__main__:  OPES: n_kernels=0, rct=-14.1346, ess=1.0000
INFO:committorch.training.protein_loop:Collected 5 snapshots, 0 OPES kernels total
INFO:__main__:Iteration 58: loss=5.0002e-01, bke=2.7498e-05, boundary=4.9999e-01
INFO:__main__:  OPES: n_kernels=0, rct=-14.1346, ess=1.0000
INFO:committorch.training.protein_loop:Collected 5 snapshots, 0 OPES kernels total
INFO:__main__:Iteration 59: loss=5.0002e-01, bke=2.7600e-05, boundary=4.9999e-01
INFO:__main__:  OPES: n_kernels=0, rct=-14.1346, ess=1.0000
INFO:committorch.training.protein_loop:Collected 5 snapshots, 0 OPES kernels total
INFO:__main__:Iteration 60: loss=5.0002e-01, bke=2.8210e-05, boundary=4.9999e-01
INFO:__main__:  OPES: n_kernels=0, rct=-14.1346, ess=1.0000
INFO:committorch.training.protein_loop:Collected 5 snapshots, 0 OPES kernels total
INFO:__main__:Iteration 61: loss=5.0002e-01, bke=2.9935e-05, boundary=4.9999e-01
INFO:__main__:  OPES: n_kernels=0, rct=-14.1346, ess=1.0000
INFO:committorch.training.protein_loop:Collected 5 snapshots, 0 OPES kernels total
INFO:__main__:Iteration 62: loss=5.0002e-01, bke=3.1801e-05, boundary=4.9999e-01
INFO:__main__:  OPES: n_kernels=0, rct=-14.1346, ess=1.0000
INFO:committorch.training.protein_loop:Collected 5 snapshots, 0 OPES kernels total
INFO:__main__:Iteration 63: loss=5.0003e-01, bke=3.2976e-05, boundary=4.9999e-01
INFO:__main__:  OPES: n_kernels=0, rct=-14.1346, ess=1.0000
INFO:committorch.training.protein_loop:Collected 5 snapshots, 0 OPES kernels total
INFO:__main__:Iteration 64: loss=5.0003e-01, bke=3.3850e-05, boundary=4.9999e-01
INFO:__main__:  OPES: n_kernels=0, rct=-14.1346, ess=1.0000
INFO:committorch.training.protein_loop:Collected 5 snapshots, 0 OPES kernels total
INFO:__main__:Iteration 65: loss=5.0003e-01, bke=3.3798e-05, boundary=4.9999e-01
INFO:__main__:  OPES: n_kernels=0, rct=-14.1346, ess=1.0000
INFO:committorch.training.protein_loop:Collected 5 snapshots, 0 OPES kernels total
INFO:__main__:Iteration 66: loss=5.0003e-01, bke=3.4681e-05, boundary=4.9999e-01
INFO:__main__:  OPES: n_kernels=0, rct=-14.1346, ess=1.0000
INFO:committorch.training.protein_loop:Collected 5 snapshots, 0 OPES kernels total
INFO:__main__:Iteration 67: loss=5.0003e-01, bke=3.7461e-05, boundary=4.9999e-01
INFO:__main__:  OPES: n_kernels=0, rct=-14.1346, ess=1.0000
INFO:committorch.training.protein_loop:Collected 5 snapshots, 0 OPES kernels total
INFO:__main__:Iteration 68: loss=5.0003e-01, bke=3.8536e-05, boundary=4.9999e-01
INFO:__main__:  OPES: n_kernels=0, rct=-14.1346, ess=1.0000
INFO:committorch.training.protein_loop:Collected 5 snapshots, 0 OPES kernels total
INFO:__main__:Iteration 69: loss=5.0003e-01, bke=4.0750e-05, boundary=4.9999e-01
INFO:__main__:  OPES: n_kernels=0, rct=-14.1346, ess=1.0000
INFO:committorch.training.protein_loop:Collected 5 snapshots, 0 OPES kernels total
INFO:__main__:Iteration 70: loss=5.0003e-01, bke=4.1200e-05, boundary=4.9999e-01
INFO:__main__:  OPES: n_kernels=0, rct=-14.1346, ess=1.0000
INFO:committorch.training.protein_loop:Collected 5 snapshots, 0 OPES kernels total
INFO:__main__:Iteration 71: loss=5.0003e-01, bke=4.2281e-05, boundary=4.9999e-01
INFO:__main__:  OPES: n_kernels=0, rct=-14.1346, ess=1.0000
INFO:committorch.training.protein_loop:Collected 5 snapshots, 0 OPES kernels total
INFO:__main__:Iteration 72: loss=5.0003e-01, bke=4.4085e-05, boundary=4.9999e-01
INFO:__main__:  OPES: n_kernels=0, rct=-14.1346, ess=1.0000
INFO:committorch.training.protein_loop:Collected 5 snapshots, 0 OPES kernels total
INFO:__main__:Iteration 73: loss=5.0004e-01, bke=4.5255e-05, boundary=4.9999e-01
INFO:__main__:  OPES: n_kernels=0, rct=-14.1346, ess=1.0000
INFO:committorch.training.protein_loop:Collected 5 snapshots, 0 OPES kernels total
INFO:__main__:Iteration 74: loss=5.0004e-01, bke=4.6512e-05, boundary=4.9999e-01
INFO:__main__:  OPES: n_kernels=0, rct=-14.1346, ess=1.0000
INFO:committorch.training.protein_loop:Collected 5 snapshots, 0 OPES kernels total
INFO:__main__:Iteration 75: loss=5.0004e-01, bke=4.8303e-05, boundary=4.9999e-01
INFO:__main__:  OPES: n_kernels=0, rct=-14.1346, ess=1.0000
INFO:committorch.training.protein_loop:Collected 5 snapshots, 0 OPES kernels total
INFO:__main__:Iteration 76: loss=5.0004e-01, bke=4.7619e-05, boundary=4.9999e-01
INFO:__main__:  OPES: n_kernels=0, rct=-14.1346, ess=1.0000
INFO:committorch.training.protein_loop:Collected 5 snapshots, 0 OPES kernels total
INFO:__main__:Iteration 77: loss=5.0004e-01, bke=5.0220e-05, boundary=4.9999e-01
INFO:__main__:  OPES: n_kernels=0, rct=-14.1346, ess=1.0000
INFO:committorch.training.protein_loop:Collected 5 snapshots, 0 OPES kernels total
INFO:__main__:Iteration 78: loss=5.0004e-01, bke=5.3262e-05, boundary=4.9999e-01
INFO:__main__:  OPES: n_kernels=0, rct=-14.1346, ess=1.0000
INFO:committorch.training.protein_loop:Collected 5 snapshots, 0 OPES kernels total
INFO:__main__:Iteration 79: loss=5.0004e-01, bke=5.5126e-05, boundary=4.9999e-01
INFO:__main__:  OPES: n_kernels=0, rct=-14.1346, ess=1.0000
INFO:committorch.training.protein_loop:Collected 5 snapshots, 0 OPES kernels total
INFO:__main__:Iteration 80: loss=5.0005e-01, bke=5.7155e-05, boundary=4.9999e-01
INFO:__main__:  OPES: n_kernels=0, rct=-14.1346, ess=1.0000
INFO:committorch.training.protein_loop:Collected 5 snapshots, 0 OPES kernels total
INFO:__main__:Iteration 81: loss=5.0005e-01, bke=5.8028e-05, boundary=4.9999e-01
INFO:__main__:  OPES: n_kernels=0, rct=-14.1346, ess=1.0000
INFO:committorch.training.protein_loop:Collected 5 snapshots, 0 OPES kernels total
INFO:__main__:Iteration 82: loss=5.0005e-01, bke=6.0444e-05, boundary=4.9999e-01
INFO:__main__:  OPES: n_kernels=0, rct=-14.1346, ess=1.0000
INFO:committorch.training.protein_loop:Collected 5 snapshots, 0 OPES kernels total
INFO:__main__:Iteration 83: loss=5.0005e-01, bke=6.2964e-05, boundary=4.9999e-01
INFO:__main__:  OPES: n_kernels=0, rct=-14.1346, ess=1.0000
INFO:committorch.training.protein_loop:Collected 5 snapshots, 0 OPES kernels total
INFO:__main__:Iteration 84: loss=5.0005e-01, bke=6.3257e-05, boundary=4.9999e-01
INFO:__main__:  OPES: n_kernels=0, rct=-14.1346, ess=1.0000
INFO:committorch.training.protein_loop:Collected 5 snapshots, 0 OPES kernels total
INFO:__main__:Iteration 85: loss=5.0006e-01, bke=6.7327e-05, boundary=4.9999e-01
INFO:__main__:  OPES: n_kernels=0, rct=-14.1346, ess=1.0000
INFO:committorch.training.protein_loop:Collected 5 snapshots, 0 OPES kernels total
INFO:__main__:Iteration 86: loss=5.0006e-01, bke=6.9640e-05, boundary=4.9999e-01
INFO:__main__:  OPES: n_kernels=0, rct=-14.1346, ess=1.0000
INFO:committorch.training.protein_loop:Collected 5 snapshots, 0 OPES kernels total
INFO:__main__:Iteration 87: loss=5.0006e-01, bke=7.1846e-05, boundary=4.9999e-01
INFO:__main__:  OPES: n_kernels=0, rct=-14.1346, ess=1.0000
INFO:committorch.training.protein_loop:Collected 5 snapshots, 0 OPES kernels total
INFO:__main__:Iteration 88: loss=5.0006e-01, bke=7.7256e-05, boundary=4.9999e-01
INFO:__main__:  OPES: n_kernels=0, rct=-14.1346, ess=1.0000
INFO:committorch.training.protein_loop:Collected 5 snapshots, 0 OPES kernels total
INFO:__main__:Iteration 89: loss=5.0007e-01, bke=8.2503e-05, boundary=4.9999e-01
INFO:__main__:  OPES: n_kernels=0, rct=-14.1346, ess=1.0000
INFO:committorch.training.protein_loop:Collected 5 snapshots, 0 OPES kernels total
INFO:__main__:Iteration 90: loss=5.0007e-01, bke=8.5640e-05, boundary=4.9999e-01
INFO:__main__:  OPES: n_kernels=0, rct=-14.1346, ess=1.0000
INFO:committorch.training.protein_loop:Collected 5 snapshots, 0 OPES kernels total
INFO:__main__:Iteration 91: loss=5.0007e-01, bke=8.7723e-05, boundary=4.9999e-01
INFO:__main__:  OPES: n_kernels=0, rct=-14.1346, ess=1.0000
INFO:committorch.training.protein_loop:Collected 5 snapshots, 0 OPES kernels total
INFO:__main__:Iteration 92: loss=5.0008e-01, bke=8.9706e-05, boundary=4.9999e-01
INFO:__main__:  OPES: n_kernels=0, rct=-14.1346, ess=1.0000
INFO:committorch.training.protein_loop:Collected 5 snapshots, 0 OPES kernels total
INFO:__main__:Iteration 93: loss=5.0008e-01, bke=9.3323e-05, boundary=4.9999e-01
INFO:__main__:  OPES: n_kernels=0, rct=-14.1346, ess=1.0000
INFO:committorch.training.protein_loop:Collected 5 snapshots, 0 OPES kernels total
INFO:__main__:Iteration 94: loss=5.0008e-01, bke=9.7423e-05, boundary=4.9999e-01
INFO:__main__:  OPES: n_kernels=0, rct=-14.1346, ess=1.0000
INFO:committorch.training.protein_loop:Collected 5 snapshots, 0 OPES kernels total
INFO:__main__:Iteration 95: loss=5.0008e-01, bke=9.7514e-05, boundary=4.9999e-01
INFO:__main__:  OPES: n_kernels=0, rct=-14.1346, ess=1.0000
INFO:committorch.training.protein_loop:Collected 5 snapshots, 0 OPES kernels total
INFO:__main__:Iteration 96: loss=5.0009e-01, bke=9.9776e-05, boundary=4.9999e-01
INFO:__main__:  OPES: n_kernels=0, rct=-14.1346, ess=1.0000
INFO:committorch.training.protein_loop:Collected 5 snapshots, 0 OPES kernels total
INFO:__main__:Iteration 97: loss=5.0009e-01, bke=1.0639e-04, boundary=4.9999e-01
INFO:__main__:  OPES: n_kernels=0, rct=-14.1346, ess=1.0000
INFO:committorch.training.protein_loop:Collected 5 snapshots, 0 OPES kernels total
INFO:__main__:Iteration 98: loss=5.0010e-01, bke=1.1109e-04, boundary=4.9998e-01
INFO:__main__:  OPES: n_kernels=0, rct=-14.1346, ess=1.0000
INFO:committorch.training.protein_loop:Collected 5 snapshots, 0 OPES kernels total
INFO:__main__:Iteration 99: loss=5.0010e-01, bke=1.1349e-04, boundary=4.9998e-01
INFO:__main__:  OPES: n_kernels=0, rct=-14.1346, ess=1.0000
INFO:committorch.training.protein_loop:Collected 5 snapshots, 0 OPES kernels total
INFO:__main__:Iteration 100: loss=5.0010e-01, bke=1.1984e-04, boundary=4.9998e-01
INFO:__main__:  OPES: n_kernels=0, rct=-14.1346, ess=1.0000
INFO:committorch.training.protein_loop:Collected 5 snapshots, 0 OPES kernels total
INFO:__main__:Iteration 101: loss=5.0011e-01, bke=1.2174e-04, boundary=4.9998e-01
INFO:__main__:  OPES: n_kernels=0, rct=-14.1346, ess=1.0000
INFO:committorch.training.protein_loop:Collected 5 snapshots, 0 OPES kernels total
INFO:__main__:Iteration 102: loss=5.0011e-01, bke=1.2476e-04, boundary=4.9998e-01
INFO:__main__:  OPES: n_kernels=0, rct=-14.1346, ess=1.0000
INFO:committorch.training.protein_loop:Collected 5 snapshots, 0 OPES kernels total
INFO:__main__:Iteration 103: loss=5.0012e-01, bke=1.3299e-04, boundary=4.9998e-01
INFO:__main__:  OPES: n_kernels=0, rct=-14.1346, ess=1.0000
INFO:committorch.training.protein_loop:Collected 5 snapshots, 0 OPES kernels total
INFO:__main__:Iteration 104: loss=5.0012e-01, bke=1.4158e-04, boundary=4.9998e-01
INFO:__main__:  OPES: n_kernels=0, rct=-14.1346, ess=1.0000
INFO:committorch.training.protein_loop:Collected 5 snapshots, 0 OPES kernels total
INFO:__main__:Iteration 105: loss=5.0013e-01, bke=1.4482e-04, boundary=4.9998e-01
INFO:__main__:  OPES: n_kernels=0, rct=-14.1346, ess=1.0000
INFO:committorch.training.protein_loop:Collected 5 snapshots, 0 OPES kernels total
INFO:__main__:Iteration 106: loss=5.0013e-01, bke=1.4954e-04, boundary=4.9998e-01
INFO:__main__:  OPES: n_kernels=0, rct=-14.1346, ess=1.0000
INFO:committorch.training.protein_loop:Collected 5 snapshots, 0 OPES kernels total
INFO:__main__:Iteration 107: loss=5.0013e-01, bke=1.5230e-04, boundary=4.9998e-01
INFO:__main__:  OPES: n_kernels=0, rct=-14.1346, ess=1.0000
INFO:committorch.training.protein_loop:Collected 5 snapshots, 0 OPES kernels total
INFO:__main__:Iteration 108: loss=5.0014e-01, bke=1.6027e-04, boundary=4.9998e-01
INFO:__main__:  OPES: n_kernels=0, rct=-14.1346, ess=1.0000
INFO:committorch.training.protein_loop:Collected 5 snapshots, 0 OPES kernels total
INFO:__main__:Iteration 109: loss=5.0015e-01, bke=1.6824e-04, boundary=4.9998e-01
INFO:__main__:  OPES: n_kernels=0, rct=-14.1346, ess=1.0000
INFO:committorch.training.protein_loop:Collected 5 snapshots, 0 OPES kernels total
INFO:__main__:Iteration 110: loss=5.0016e-01, bke=1.7523e-04, boundary=4.9998e-01
INFO:__main__:  OPES: n_kernels=0, rct=-14.1346, ess=1.0000
INFO:committorch.training.protein_loop:Collected 5 snapshots, 0 OPES kernels total
INFO:__main__:Iteration 111: loss=5.0016e-01, bke=1.8034e-04, boundary=4.9998e-01
INFO:__main__:  OPES: n_kernels=0, rct=-14.1346, ess=1.0000
INFO:committorch.training.protein_loop:Collected 5 snapshots, 0 OPES kernels total
INFO:__main__:Iteration 112: loss=5.0017e-01, bke=1.9027e-04, boundary=4.9998e-01
INFO:__main__:  OPES: n_kernels=0, rct=-14.1346, ess=1.0000
INFO:committorch.training.protein_loop:Collected 5 snapshots, 0 OPES kernels total
INFO:__main__:Iteration 113: loss=5.0018e-01, bke=1.9655e-04, boundary=4.9998e-01
INFO:__main__:  OPES: n_kernels=0, rct=-14.1346, ess=1.0000
INFO:committorch.training.protein_loop:Collected 5 snapshots, 0 OPES kernels total
INFO:__main__:Iteration 114: loss=5.0018e-01, bke=2.0183e-04, boundary=4.9998e-01
INFO:__main__:  OPES: n_kernels=0, rct=-14.1346, ess=1.0000
INFO:committorch.training.protein_loop:Collected 5 snapshots, 0 OPES kernels total
INFO:__main__:Iteration 115: loss=5.0018e-01, bke=2.0428e-04, boundary=4.9998e-01
INFO:__main__:  OPES: n_kernels=0, rct=-14.1346, ess=1.0000
INFO:committorch.training.protein_loop:Collected 5 snapshots, 0 OPES kernels total
INFO:__main__:Iteration 116: loss=5.0020e-01, bke=2.1811e-04, boundary=4.9998e-01
INFO:__main__:  OPES: n_kernels=0, rct=-14.1346, ess=1.0000
INFO:committorch.training.protein_loop:Collected 5 snapshots, 0 OPES kernels total
INFO:__main__:Iteration 117: loss=5.0020e-01, bke=2.1975e-04, boundary=4.9998e-01
INFO:__main__:  OPES: n_kernels=0, rct=-14.1346, ess=1.0000
INFO:committorch.training.protein_loop:Collected 5 snapshots, 0 OPES kernels total
INFO:__main__:Iteration 118: loss=5.0021e-01, bke=2.3161e-04, boundary=4.9998e-01
INFO:__main__:  OPES: n_kernels=0, rct=-14.1346, ess=1.0000
INFO:committorch.training.protein_loop:Collected 5 snapshots, 0 OPES kernels total
INFO:__main__:Iteration 119: loss=5.0022e-01, bke=2.4691e-04, boundary=4.9998e-01
INFO:__main__:  OPES: n_kernels=0, rct=-14.1346, ess=1.0000
INFO:committorch.training.protein_loop:Collected 5 snapshots, 0 OPES kernels total
INFO:__main__:Iteration 120: loss=5.0023e-01, bke=2.5563e-04, boundary=4.9998e-01
INFO:__main__:  OPES: n_kernels=0, rct=-14.1346, ess=1.0000
INFO:committorch.training.protein_loop:Collected 5 snapshots, 0 OPES kernels total
INFO:__main__:Iteration 121: loss=5.0024e-01, bke=2.6075e-04, boundary=4.9998e-01
INFO:__main__:  OPES: n_kernels=0, rct=-14.1346, ess=1.0000
INFO:committorch.training.protein_loop:Collected 5 snapshots, 0 OPES kernels total
INFO:__main__:Iteration 122: loss=5.0025e-01, bke=2.7131e-04, boundary=4.9998e-01
INFO:__main__:  OPES: n_kernels=0, rct=-14.1346, ess=1.0000
INFO:committorch.training.protein_loop:Collected 5 snapshots, 0 OPES kernels total
INFO:__main__:Iteration 123: loss=5.0026e-01, bke=2.8803e-04, boundary=4.9998e-01
INFO:__main__:  OPES: n_kernels=0, rct=-14.1346, ess=1.0000
INFO:committorch.training.protein_loop:Collected 5 snapshots, 0 OPES kernels total
INFO:__main__:Iteration 124: loss=5.0028e-01, bke=3.0077e-04, boundary=4.9997e-01
INFO:__main__:  OPES: n_kernels=0, rct=-14.1346, ess=1.0000
INFO:committorch.training.protein_loop:Collected 5 snapshots, 0 OPES kernels total
INFO:__main__:Iteration 125: loss=5.0029e-01, bke=3.1139e-04, boundary=4.9997e-01
INFO:__main__:  OPES: n_kernels=0, rct=-14.1346, ess=1.0000
INFO:committorch.training.protein_loop:Collected 5 snapshots, 0 OPES kernels total
INFO:__main__:Iteration 126: loss=5.0030e-01, bke=3.2219e-04, boundary=4.9997e-01
INFO:__main__:  OPES: n_kernels=0, rct=-14.1346, ess=1.0000
INFO:committorch.training.protein_loop:Collected 5 snapshots, 0 OPES kernels total
INFO:__main__:Iteration 127: loss=5.0030e-01, bke=3.2250e-04, boundary=4.9997e-01
INFO:__main__:  OPES: n_kernels=0, rct=-14.1346, ess=1.0000
INFO:committorch.training.protein_loop:Collected 5 snapshots, 0 OPES kernels total
INFO:__main__:Iteration 128: loss=5.0031e-01, bke=3.4050e-04, boundary=4.9997e-01
INFO:__main__:  OPES: n_kernels=0, rct=-14.1346, ess=1.0000
INFO:committorch.training.protein_loop:Collected 5 snapshots, 0 OPES kernels total
INFO:__main__:Iteration 129: loss=5.0034e-01, bke=3.6450e-04, boundary=4.9997e-01
INFO:__main__:  OPES: n_kernels=0, rct=-14.1346, ess=1.0000
INFO:committorch.training.protein_loop:Collected 5 snapshots, 0 OPES kernels total
INFO:__main__:Iteration 130: loss=5.0036e-01, bke=3.8919e-04, boundary=4.9997e-01
INFO:__main__:  OPES: n_kernels=0, rct=-14.1346, ess=1.0000
INFO:committorch.training.protein_loop:Collected 5 snapshots, 0 OPES kernels total
INFO:__main__:Iteration 131: loss=5.0038e-01, bke=4.0521e-04, boundary=4.9997e-01
INFO:__main__:  OPES: n_kernels=0, rct=-14.1346, ess=1.0000
INFO:committorch.training.protein_loop:Collected 5 snapshots, 0 OPES kernels total
INFO:__main__:Iteration 132: loss=5.0039e-01, bke=4.2366e-04, boundary=4.9997e-01
INFO:__main__:  OPES: n_kernels=0, rct=-14.1346, ess=1.0000
INFO:committorch.training.protein_loop:Collected 5 snapshots, 0 OPES kernels total
INFO:__main__:Iteration 133: loss=5.0041e-01, bke=4.3977e-04, boundary=4.9997e-01
INFO:__main__:  OPES: n_kernels=0, rct=-14.1346, ess=1.0000
INFO:committorch.training.protein_loop:Collected 5 snapshots, 0 OPES kernels total
INFO:__main__:Iteration 134: loss=5.0041e-01, bke=4.4100e-04, boundary=4.9997e-01
INFO:__main__:  OPES: n_kernels=0, rct=-14.1346, ess=1.0000
INFO:committorch.training.protein_loop:Collected 5 snapshots, 0 OPES kernels total
INFO:__main__:Iteration 135: loss=5.0044e-01, bke=4.6822e-04, boundary=4.9997e-01
INFO:__main__:  OPES: n_kernels=0, rct=-14.1346, ess=1.0000
INFO:committorch.training.protein_loop:Collected 5 snapshots, 0 OPES kernels total
INFO:__main__:Iteration 136: loss=5.0045e-01, bke=4.8604e-04, boundary=4.9997e-01
INFO:__main__:  OPES: n_kernels=0, rct=-14.1346, ess=1.0000
INFO:committorch.training.protein_loop:Collected 5 snapshots, 0 OPES kernels total
INFO:__main__:Iteration 137: loss=5.0047e-01, bke=5.0427e-04, boundary=4.9997e-01
INFO:__main__:  OPES: n_kernels=0, rct=-14.1346, ess=1.0000
INFO:committorch.training.protein_loop:Collected 5 snapshots, 0 OPES kernels total
INFO:__main__:Iteration 138: loss=5.0048e-01, bke=5.1219e-04, boundary=4.9997e-01
INFO:__main__:  OPES: n_kernels=0, rct=-14.1346, ess=1.0000
INFO:committorch.training.protein_loop:Collected 5 snapshots, 0 OPES kernels total
INFO:__main__:Iteration 139: loss=5.0051e-01, bke=5.4700e-04, boundary=4.9997e-01
INFO:__main__:  OPES: n_kernels=0, rct=-14.1346, ess=1.0000
INFO:committorch.training.protein_loop:Collected 5 snapshots, 0 OPES kernels total
INFO:__main__:Iteration 140: loss=5.0051e-01, bke=5.4965e-04, boundary=4.9996e-01
INFO:__main__:  OPES: n_kernels=0, rct=-14.1346, ess=1.0000
INFO:committorch.training.protein_loop:Collected 5 snapshots, 0 OPES kernels total
INFO:__main__:Iteration 141: loss=5.0055e-01, bke=5.8886e-04, boundary=4.9996e-01
INFO:__main__:  OPES: n_kernels=0, rct=-14.1346, ess=1.0000
INFO:committorch.training.protein_loop:Collected 5 snapshots, 0 OPES kernels total
INFO:__main__:Iteration 142: loss=5.0060e-01, bke=6.3481e-04, boundary=4.9996e-01
INFO:__main__:  OPES: n_kernels=0, rct=-14.1346, ess=1.0000
INFO:committorch.training.protein_loop:Collected 5 snapshots, 0 OPES kernels total
INFO:__main__:Iteration 143: loss=5.0062e-01, bke=6.6303e-04, boundary=4.9996e-01
INFO:__main__:  OPES: n_kernels=0, rct=-14.1346, ess=1.0000
INFO:committorch.training.protein_loop:Collected 5 snapshots, 0 OPES kernels total
INFO:__main__:Iteration 144: loss=5.0065e-01, bke=6.8948e-04, boundary=4.9996e-01
INFO:__main__:  OPES: n_kernels=0, rct=-14.1346, ess=1.0000
INFO:committorch.training.protein_loop:Collected 5 snapshots, 0 OPES kernels total
INFO:__main__:Iteration 145: loss=5.0066e-01, bke=7.0168e-04, boundary=4.9996e-01
INFO:__main__:  OPES: n_kernels=0, rct=-14.1346, ess=1.0000
INFO:committorch.training.protein_loop:Collected 5 snapshots, 0 OPES kernels total
INFO:__main__:Iteration 146: loss=5.0069e-01, bke=7.2665e-04, boundary=4.9996e-01
INFO:__main__:  OPES: n_kernels=0, rct=-14.1346, ess=1.0000
INFO:committorch.training.protein_loop:Collected 5 snapshots, 0 OPES kernels total
INFO:__main__:Iteration 147: loss=5.0072e-01, bke=7.5853e-04, boundary=4.9996e-01
INFO:__main__:  OPES: n_kernels=0, rct=-14.1346, ess=1.0000
INFO:committorch.training.protein_loop:Collected 5 snapshots, 0 OPES kernels total
INFO:__main__:Iteration 148: loss=5.0077e-01, bke=8.0878e-04, boundary=4.9996e-01
INFO:__main__:  OPES: n_kernels=0, rct=-14.1346, ess=1.0000
INFO:committorch.training.protein_loop:Collected 5 snapshots, 0 OPES kernels total
INFO:__main__:Iteration 149: loss=5.0081e-01, bke=8.5443e-04, boundary=4.9996e-01
INFO:__main__:  OPES: n_kernels=0, rct=-14.1346, ess=1.0000
INFO:committorch.training.protein_loop:Collected 5 snapshots, 0 OPES kernels total
INFO:__main__:Iteration 150: loss=5.0086e-01, bke=9.0093e-04, boundary=4.9996e-01
INFO:__main__:  OPES: n_kernels=0, rct=-14.1346, ess=1.0000
INFO:committorch.training.protein_loop:Collected 5 snapshots, 0 OPES kernels total
INFO:__main__:Iteration 151: loss=5.0089e-01, bke=9.3911e-04, boundary=4.9995e-01
INFO:__main__:  OPES: n_kernels=0, rct=-14.1346, ess=1.0000
INFO:committorch.training.protein_loop:Collected 5 snapshots, 0 OPES kernels total
INFO:__main__:Iteration 152: loss=5.0095e-01, bke=9.9246e-04, boundary=4.9995e-01
INFO:__main__:  OPES: n_kernels=0, rct=-14.1346, ess=1.0000
INFO:committorch.training.protein_loop:Collected 5 snapshots, 0 OPES kernels total
INFO:__main__:Iteration 153: loss=5.0099e-01, bke=1.0378e-03, boundary=4.9995e-01
INFO:__main__:  OPES: n_kernels=0, rct=-14.1346, ess=1.0000
INFO:committorch.training.protein_loop:Collected 5 snapshots, 0 OPES kernels total
INFO:__main__:Iteration 154: loss=5.0100e-01, bke=1.0478e-03, boundary=4.9995e-01
INFO:__main__:  OPES: n_kernels=0, rct=-14.1346, ess=1.0000
INFO:committorch.training.protein_loop:Collected 5 snapshots, 0 OPES kernels total
INFO:__main__:Iteration 155: loss=5.0105e-01, bke=1.1000e-03, boundary=4.9995e-01
INFO:__main__:  OPES: n_kernels=0, rct=-14.1346, ess=1.0000
INFO:committorch.training.protein_loop:Collected 5 snapshots, 0 OPES kernels total
INFO:__main__:Iteration 156: loss=5.0115e-01, bke=1.2028e-03, boundary=4.9995e-01
INFO:__main__:  OPES: n_kernels=0, rct=-14.1346, ess=1.0000
INFO:committorch.training.protein_loop:Collected 5 snapshots, 0 OPES kernels total
INFO:__main__:Iteration 157: loss=5.0120e-01, bke=1.2532e-03, boundary=4.9995e-01
INFO:__main__:  OPES: n_kernels=0, rct=-14.1346, ess=1.0000
INFO:committorch.training.protein_loop:Collected 5 snapshots, 0 OPES kernels total
INFO:__main__:Iteration 158: loss=5.0127e-01, bke=1.3264e-03, boundary=4.9995e-01
INFO:__main__:  OPES: n_kernels=0, rct=-14.1346, ess=1.0000
INFO:committorch.training.protein_loop:Collected 5 snapshots, 0 OPES kernels total
INFO:__main__:Iteration 159: loss=5.0131e-01, bke=1.3635e-03, boundary=4.9994e-01
INFO:__main__:  OPES: n_kernels=0, rct=-14.1346, ess=1.0000
INFO:committorch.training.protein_loop:Collected 5 snapshots, 0 OPES kernels total
INFO:__main__:Iteration 160: loss=5.0139e-01, bke=1.4480e-03, boundary=4.9994e-01
INFO:__main__:  OPES: n_kernels=0, rct=-14.1346, ess=1.0000
INFO:committorch.training.protein_loop:Collected 5 snapshots, 0 OPES kernels total
INFO:__main__:Iteration 161: loss=5.0146e-01, bke=1.5210e-03, boundary=4.9994e-01
INFO:__main__:  OPES: n_kernels=0, rct=-14.1346, ess=1.0000
INFO:committorch.training.protein_loop:Collected 5 snapshots, 0 OPES kernels total
INFO:__main__:Iteration 162: loss=5.0152e-01, bke=1.5785e-03, boundary=4.9994e-01
INFO:__main__:  OPES: n_kernels=0, rct=-14.1346, ess=1.0000
INFO:committorch.training.protein_loop:Collected 5 snapshots, 0 OPES kernels total
INFO:__main__:Iteration 163: loss=5.0158e-01, bke=1.6385e-03, boundary=4.9994e-01
INFO:__main__:  OPES: n_kernels=0, rct=-14.1346, ess=1.0000
INFO:committorch.training.protein_loop:Collected 5 snapshots, 0 OPES kernels total
INFO:__main__:Iteration 164: loss=5.0165e-01, bke=1.7079e-03, boundary=4.9994e-01
INFO:__main__:  OPES: n_kernels=0, rct=-14.1346, ess=1.0000
INFO:committorch.training.protein_loop:Collected 5 snapshots, 0 OPES kernels total
INFO:__main__:Iteration 165: loss=5.0174e-01, bke=1.8022e-03, boundary=4.9994e-01
INFO:__main__:  OPES: n_kernels=0, rct=-14.1346, ess=1.0000
INFO:committorch.training.protein_loop:Collected 5 snapshots, 0 OPES kernels total
INFO:__main__:Iteration 166: loss=5.0187e-01, bke=1.9343e-03, boundary=4.9993e-01
INFO:__main__:  OPES: n_kernels=0, rct=-14.1346, ess=1.0000
INFO:committorch.training.protein_loop:Collected 5 snapshots, 0 OPES kernels total
INFO:__main__:Iteration 167: loss=5.0193e-01, bke=2.0018e-03, boundary=4.9993e-01
INFO:__main__:  OPES: n_kernels=0, rct=-14.1346, ess=1.0000
INFO:committorch.training.protein_loop:Collected 5 snapshots, 0 OPES kernels total
INFO:__main__:Iteration 168: loss=5.0209e-01, bke=2.1619e-03, boundary=4.9993e-01
INFO:__main__:  OPES: n_kernels=0, rct=-14.1346, ess=1.0000
INFO:committorch.training.protein_loop:Collected 5 snapshots, 0 OPES kernels total
INFO:__main__:Iteration 169: loss=5.0220e-01, bke=2.2731e-03, boundary=4.9993e-01
INFO:__main__:  OPES: n_kernels=0, rct=-14.1346, ess=1.0000
INFO:committorch.training.protein_loop:Collected 5 snapshots, 0 OPES kernels total
INFO:__main__:Iteration 170: loss=5.0227e-01, bke=2.3415e-03, boundary=4.9993e-01
INFO:__main__:  OPES: n_kernels=0, rct=-14.1346, ess=1.0000
INFO:committorch.training.protein_loop:Collected 5 snapshots, 0 OPES kernels total
INFO:__main__:Iteration 171: loss=5.0241e-01, bke=2.4799e-03, boundary=4.9993e-01
INFO:__main__:  OPES: n_kernels=0, rct=-14.1346, ess=1.0000
INFO:committorch.training.protein_loop:Collected 5 snapshots, 0 OPES kernels total
INFO:__main__:Iteration 172: loss=5.0257e-01, bke=2.6436e-03, boundary=4.9992e-01
INFO:__main__:  OPES: n_kernels=0, rct=-14.1346, ess=1.0000
INFO:committorch.training.protein_loop:Collected 5 snapshots, 0 OPES kernels total
INFO:__main__:Iteration 173: loss=5.0267e-01, bke=2.7524e-03, boundary=4.9992e-01
INFO:__main__:  OPES: n_kernels=0, rct=-14.1346, ess=1.0000
INFO:committorch.training.protein_loop:Collected 5 snapshots, 0 OPES kernels total
INFO:__main__:Iteration 174: loss=5.0274e-01, bke=2.8248e-03, boundary=4.9992e-01
INFO:__main__:  OPES: n_kernels=0, rct=-14.1346, ess=1.0000
INFO:committorch.training.protein_loop:Collected 5 snapshots, 0 OPES kernels total
INFO:__main__:Iteration 175: loss=5.0283e-01, bke=2.9094e-03, boundary=4.9992e-01
INFO:__main__:  OPES: n_kernels=0, rct=-14.1346, ess=1.0000
INFO:committorch.training.protein_loop:Collected 5 snapshots, 0 OPES kernels total
INFO:__main__:Iteration 176: loss=5.0303e-01, bke=3.1165e-03, boundary=4.9992e-01
INFO:__main__:  OPES: n_kernels=0, rct=-14.1346, ess=1.0000
INFO:committorch.training.protein_loop:Collected 5 snapshots, 0 OPES kernels total
INFO:__main__:Iteration 177: loss=5.0321e-01, bke=3.3000e-03, boundary=4.9991e-01
INFO:__main__:  OPES: n_kernels=0, rct=-14.1346, ess=1.0000
INFO:committorch.training.protein_loop:Collected 5 snapshots, 0 OPES kernels total
INFO:__main__:Iteration 178: loss=5.0337e-01, bke=3.4602e-03, boundary=4.9991e-01
INFO:__main__:  OPES: n_kernels=0, rct=-14.1346, ess=1.0000
INFO:committorch.training.protein_loop:Collected 5 snapshots, 0 OPES kernels total
INFO:__main__:Iteration 179: loss=5.0355e-01, bke=3.6422e-03, boundary=4.9991e-01
INFO:__main__:  OPES: n_kernels=0, rct=-14.1346, ess=1.0000
INFO:committorch.training.protein_loop:Collected 5 snapshots, 0 OPES kernels total
INFO:__main__:Iteration 180: loss=5.0375e-01, bke=3.8388e-03, boundary=4.9991e-01
INFO:__main__:  OPES: n_kernels=0, rct=-14.1346, ess=1.0000
INFO:committorch.training.protein_loop:Collected 5 snapshots, 0 OPES kernels total
INFO:__main__:Iteration 181: loss=5.0391e-01, bke=4.0086e-03, boundary=4.9990e-01
INFO:__main__:  OPES: n_kernels=0, rct=-14.1346, ess=1.0000
INFO:committorch.training.protein_loop:Collected 5 snapshots, 0 OPES kernels total
INFO:__main__:Iteration 182: loss=5.0418e-01, bke=4.2822e-03, boundary=4.9990e-01
INFO:__main__:  OPES: n_kernels=0, rct=-14.1346, ess=1.0000
INFO:committorch.training.protein_loop:Collected 5 snapshots, 0 OPES kernels total
INFO:__main__:Iteration 183: loss=5.0394e-01, bke=4.0384e-03, boundary=4.9990e-01
INFO:__main__:  OPES: n_kernels=0, rct=-14.1346, ess=1.0000
INFO:committorch.training.protein_loop:Collected 5 snapshots, 0 OPES kernels total
INFO:__main__:Iteration 184: loss=5.0399e-01, bke=4.0774e-03, boundary=4.9991e-01
INFO:__main__:  OPES: n_kernels=0, rct=-14.1346, ess=1.0000
INFO:committorch.training.protein_loop:Collected 5 snapshots, 0 OPES kernels total
INFO:__main__:Iteration 185: loss=5.0467e-01, bke=4.7773e-03, boundary=4.9990e-01
INFO:__main__:  OPES: n_kernels=0, rct=-14.1346, ess=1.0000
INFO:committorch.training.protein_loop:Collected 5 snapshots, 0 OPES kernels total
INFO:__main__:Iteration 186: loss=5.0495e-01, bke=5.0576e-03, boundary=4.9989e-01
INFO:__main__:  OPES: n_kernels=0, rct=-14.1346, ess=1.0000
INFO:committorch.training.protein_loop:Collected 5 snapshots, 0 OPES kernels total
INFO:__main__:Iteration 187: loss=5.0458e-01, bke=4.6882e-03, boundary=4.9990e-01
INFO:__main__:  OPES: n_kernels=0, rct=-14.1346, ess=1.0000
INFO:committorch.training.protein_loop:Collected 5 snapshots, 0 OPES kernels total
INFO:__main__:Iteration 188: loss=5.0525e-01, bke=5.3586e-03, boundary=4.9989e-01
INFO:__main__:  OPES: n_kernels=0, rct=-14.1346, ess=1.0000
INFO:committorch.training.protein_loop:Collected 5 snapshots, 0 OPES kernels total
INFO:__main__:Iteration 189: loss=5.0541e-01, bke=5.5278e-03, boundary=4.9989e-01
INFO:__main__:  OPES: n_kernels=0, rct=-14.1346, ess=1.0000
INFO:committorch.training.protein_loop:Collected 5 snapshots, 0 OPES kernels total
INFO:__main__:Iteration 190: loss=5.0580e-01, bke=5.9159e-03, boundary=4.9988e-01
INFO:__main__:  OPES: n_kernels=0, rct=-14.1346, ess=1.0000
INFO:committorch.training.protein_loop:Collected 5 snapshots, 0 OPES kernels total
INFO:__main__:Iteration 191: loss=5.0598e-01, bke=6.0984e-03, boundary=4.9988e-01
INFO:__main__:  OPES: n_kernels=0, rct=-14.1346, ess=1.0000
INFO:committorch.training.protein_loop:Collected 5 snapshots, 0 OPES kernels total
INFO:__main__:Iteration 192: loss=5.0644e-01, bke=6.5600e-03, boundary=4.9988e-01
INFO:__main__:  OPES: n_kernels=0, rct=-14.1346, ess=1.0000
INFO:committorch.training.protein_loop:Collected 5 snapshots, 0 OPES kernels total
INFO:__main__:Iteration 193: loss=5.0660e-01, bke=6.7243e-03, boundary=4.9988e-01
INFO:__main__:  OPES: n_kernels=0, rct=-14.1346, ess=1.0000
INFO:committorch.training.protein_loop:Collected 5 snapshots, 0 OPES kernels total
INFO:__main__:Iteration 194: loss=5.0718e-01, bke=7.3032e-03, boundary=4.9987e-01
INFO:__main__:  OPES: n_kernels=0, rct=-14.1346, ess=1.0000
INFO:committorch.training.protein_loop:Collected 5 snapshots, 0 OPES kernels total
INFO:__main__:Iteration 195: loss=5.0668e-01, bke=6.8101e-03, boundary=4.9987e-01
INFO:__main__:  OPES: n_kernels=0, rct=-14.1346, ess=1.0000
INFO:committorch.training.protein_loop:Collected 5 snapshots, 0 OPES kernels total
INFO:__main__:Iteration 196: loss=5.0736e-01, bke=7.4931e-03, boundary=4.9987e-01
INFO:__main__:  OPES: n_kernels=0, rct=-14.1346, ess=1.0000
INFO:committorch.training.protein_loop:Collected 5 snapshots, 0 OPES kernels total
INFO:__main__:Iteration 197: loss=5.0780e-01, bke=7.9361e-03, boundary=4.9987e-01
INFO:__main__:  OPES: n_kernels=0, rct=-14.1346, ess=1.0000
INFO:committorch.training.protein_loop:Collected 5 snapshots, 0 OPES kernels total
INFO:__main__:Iteration 198: loss=5.0832e-01, bke=8.4517e-03, boundary=4.9986e-01
INFO:__main__:  OPES: n_kernels=0, rct=-14.1346, ess=1.0000
INFO:committorch.training.protein_loop:Collected 5 snapshots, 0 OPES kernels total
INFO:__main__:Iteration 199: loss=5.0850e-01, bke=8.6371e-03, boundary=4.9986e-01
INFO:__main__:  OPES: n_kernels=0, rct=-14.1346, ess=1.0000
INFO:committorch.training.protein_loop:Collected 5 snapshots, 0 OPES kernels total
INFO:__main__:Iteration 200: loss=5.0872e-01, bke=8.8656e-03, boundary=4.9986e-01
INFO:__main__:  OPES: n_kernels=0, rct=-14.1346, ess=1.0000
INFO:committorch.training.protein_loop:Collected 5 snapshots, 0 OPES kernels total
INFO:__main__:Iteration 201: loss=5.0900e-01, bke=9.1411e-03, boundary=4.9986e-01
INFO:__main__:  OPES: n_kernels=0, rct=-14.1346, ess=1.0000
INFO:committorch.training.protein_loop:Collected 5 snapshots, 0 OPES kernels total
INFO:__main__:Iteration 202: loss=5.0947e-01, bke=9.6168e-03, boundary=4.9985e-01
INFO:__main__:  OPES: n_kernels=0, rct=-14.1346, ess=1.0000
INFO:committorch.training.protein_loop:Collected 5 snapshots, 0 OPES kernels total
INFO:__main__:Iteration 203: loss=5.1001e-01, bke=1.0162e-02, boundary=4.9985e-01
INFO:__main__:  OPES: n_kernels=0, rct=-14.1346, ess=1.0000
INFO:committorch.training.protein_loop:Collected 5 snapshots, 0 OPES kernels total
INFO:__main__:Iteration 204: loss=5.1033e-01, bke=1.0486e-02, boundary=4.9985e-01
INFO:__main__:  OPES: n_kernels=0, rct=-14.1346, ess=1.0000
INFO:committorch.training.protein_loop:Collected 5 snapshots, 0 OPES kernels total
INFO:__main__:Iteration 205: loss=5.1039e-01, bke=1.0549e-02, boundary=4.9984e-01
INFO:__main__:  OPES: n_kernels=0, rct=-14.1346, ess=1.0000
INFO:committorch.training.protein_loop:Collected 5 snapshots, 0 OPES kernels total
INFO:__main__:Iteration 206: loss=5.1121e-01, bke=1.1373e-02, boundary=4.9984e-01
INFO:__main__:  OPES: n_kernels=0, rct=-14.1346, ess=1.0000
INFO:committorch.training.protein_loop:Collected 5 snapshots, 0 OPES kernels total
INFO:__main__:Iteration 207: loss=5.1199e-01, bke=1.2153e-02, boundary=4.9984e-01
INFO:__main__:  OPES: n_kernels=0, rct=-14.1346, ess=1.0000
INFO:committorch.training.protein_loop:Collected 5 snapshots, 0 OPES kernels total
INFO:__main__:Iteration 208: loss=5.1219e-01, bke=1.2360e-02, boundary=4.9983e-01
INFO:__main__:  OPES: n_kernels=0, rct=-14.1346, ess=1.0000
INFO:committorch.training.protein_loop:Collected 5 snapshots, 0 OPES kernels total
INFO:__main__:Iteration 209: loss=5.1263e-01, bke=1.2798e-02, boundary=4.9983e-01
INFO:__main__:  OPES: n_kernels=0, rct=-14.1346, ess=1.0000
INFO:committorch.training.protein_loop:Collected 5 snapshots, 0 OPES kernels total
INFO:__main__:Iteration 210: loss=5.1335e-01, bke=1.3526e-02, boundary=4.9983e-01
INFO:__main__:  OPES: n_kernels=0, rct=-14.1346, ess=1.0000
INFO:committorch.training.protein_loop:Collected 5 snapshots, 0 OPES kernels total
INFO:__main__:Iteration 211: loss=5.1348e-01, bke=1.3658e-02, boundary=4.9982e-01
INFO:__main__:  OPES: n_kernels=0, rct=-14.1346, ess=1.0000
INFO:committorch.training.protein_loop:Collected 5 snapshots, 0 OPES kernels total
INFO:__main__:Iteration 212: loss=5.1472e-01, bke=1.4897e-02, boundary=4.9982e-01
INFO:__main__:  OPES: n_kernels=0, rct=-14.1346, ess=1.0000
INFO:committorch.training.protein_loop:Collected 5 snapshots, 0 OPES kernels total
INFO:__main__:Iteration 213: loss=5.1521e-01, bke=1.5395e-02, boundary=4.9981e-01
INFO:__main__:  OPES: n_kernels=0, rct=-14.1346, ess=1.0000
INFO:committorch.training.protein_loop:Collected 5 snapshots, 0 OPES kernels total
INFO:__main__:Iteration 214: loss=5.1583e-01, bke=1.6025e-02, boundary=4.9981e-01
INFO:__main__:  OPES: n_kernels=0, rct=-14.1346, ess=1.0000
INFO:committorch.training.protein_loop:Collected 5 snapshots, 0 OPES kernels total
INFO:__main__:Iteration 215: loss=5.1642e-01, bke=1.6617e-02, boundary=4.9981e-01
INFO:__main__:  OPES: n_kernels=0, rct=-14.1346, ess=1.0000
INFO:committorch.training.protein_loop:Collected 5 snapshots, 0 OPES kernels total
INFO:__main__:Iteration 216: loss=5.1692e-01, bke=1.7124e-02, boundary=4.9980e-01
INFO:__main__:  OPES: n_kernels=0, rct=-14.1346, ess=1.0000
INFO:committorch.training.protein_loop:Collected 5 snapshots, 0 OPES kernels total
INFO:__main__:Iteration 217: loss=5.1814e-01, bke=1.8345e-02, boundary=4.9980e-01
INFO:__main__:  OPES: n_kernels=0, rct=-14.1346, ess=1.0000
INFO:committorch.training.protein_loop:Collected 5 snapshots, 0 OPES kernels total
INFO:__main__:Iteration 218: loss=5.1916e-01, bke=1.9363e-02, boundary=4.9979e-01
INFO:__main__:  OPES: n_kernels=0, rct=-14.1346, ess=1.0000
INFO:committorch.training.protein_loop:Collected 5 snapshots, 0 OPES kernels total
INFO:__main__:Iteration 219: loss=5.1994e-01, bke=2.0155e-02, boundary=4.9979e-01
INFO:__main__:  OPES: n_kernels=0, rct=-14.1346, ess=1.0000
INFO:committorch.training.protein_loop:Collected 5 snapshots, 0 OPES kernels total
INFO:__main__:Iteration 220: loss=5.1976e-01, bke=1.9978e-02, boundary=4.9978e-01
INFO:__main__:  OPES: n_kernels=0, rct=-14.1346, ess=1.0000
INFO:committorch.training.protein_loop:Collected 5 snapshots, 0 OPES kernels total
INFO:__main__:Iteration 221: loss=5.2123e-01, bke=2.1452e-02, boundary=4.9978e-01
INFO:__main__:  OPES: n_kernels=0, rct=-14.1346, ess=1.0000
INFO:committorch.training.protein_loop:Collected 5 snapshots, 0 OPES kernels total
INFO:__main__:Iteration 222: loss=5.2274e-01, bke=2.2971e-02, boundary=4.9977e-01
INFO:__main__:  OPES: n_kernels=0, rct=-14.1346, ess=1.0000
INFO:committorch.training.protein_loop:Collected 5 snapshots, 0 OPES kernels total
INFO:__main__:Iteration 223: loss=5.2362e-01, bke=2.3856e-02, boundary=4.9977e-01
INFO:__main__:  OPES: n_kernels=0, rct=-14.1346, ess=1.0000
INFO:committorch.training.protein_loop:Collected 5 snapshots, 0 OPES kernels total
INFO:__main__:Iteration 224: loss=5.2491e-01, bke=2.5146e-02, boundary=4.9976e-01
INFO:__main__:  OPES: n_kernels=0, rct=-14.1346, ess=1.0000
INFO:committorch.training.protein_loop:Collected 5 snapshots, 0 OPES kernels total
INFO:__main__:Iteration 225: loss=5.2493e-01, bke=2.5173e-02, boundary=4.9976e-01
INFO:__main__:  OPES: n_kernels=0, rct=-14.1346, ess=1.0000
INFO:committorch.training.protein_loop:Collected 5 snapshots, 0 OPES kernels total
INFO:__main__:Iteration 226: loss=5.2724e-01, bke=2.7486e-02, boundary=4.9975e-01
INFO:__main__:  OPES: n_kernels=0, rct=-14.1346, ess=1.0000
INFO:committorch.training.protein_loop:Collected 5 snapshots, 0 OPES kernels total
INFO:__main__:Iteration 227: loss=5.2883e-01, bke=2.9085e-02, boundary=4.9974e-01
INFO:__main__:  OPES: n_kernels=0, rct=-14.1346, ess=1.0000
INFO:committorch.training.protein_loop:Collected 5 snapshots, 0 OPES kernels total
INFO:__main__:Iteration 228: loss=5.3004e-01, bke=3.0306e-02, boundary=4.9974e-01
INFO:__main__:  OPES: n_kernels=0, rct=-14.1346, ess=1.0000
INFO:committorch.training.protein_loop:Collected 5 snapshots, 0 OPES kernels total
INFO:__main__:Iteration 229: loss=5.3167e-01, bke=3.1938e-02, boundary=4.9973e-01
INFO:__main__:  OPES: n_kernels=0, rct=-14.1346, ess=1.0000
INFO:committorch.training.protein_loop:Collected 5 snapshots, 0 OPES kernels total
INFO:__main__:Iteration 230: loss=5.3259e-01, bke=3.2863e-02, boundary=4.9973e-01
INFO:__main__:  OPES: n_kernels=0, rct=-14.1346, ess=1.0000
INFO:committorch.training.protein_loop:Collected 5 snapshots, 0 OPES kernels total
INFO:__main__:Iteration 231: loss=5.3410e-01, bke=3.4381e-02, boundary=4.9972e-01
INFO:__main__:  OPES: n_kernels=0, rct=-14.1346, ess=1.0000
INFO:committorch.training.protein_loop:Collected 5 snapshots, 0 OPES kernels total
INFO:__main__:Iteration 232: loss=5.3466e-01, bke=3.4948e-02, boundary=4.9971e-01
INFO:__main__:  OPES: n_kernels=0, rct=-14.1346, ess=1.0000
INFO:committorch.training.protein_loop:Collected 5 snapshots, 0 OPES kernels total
INFO:__main__:Iteration 233: loss=5.3820e-01, bke=3.8495e-02, boundary=4.9971e-01
INFO:__main__:  OPES: n_kernels=0, rct=-14.1346, ess=1.0000
INFO:committorch.training.protein_loop:Collected 5 snapshots, 0 OPES kernels total
INFO:__main__:Iteration 234: loss=5.4020e-01, bke=4.0500e-02, boundary=4.9970e-01
INFO:__main__:  OPES: n_kernels=0, rct=-14.1346, ess=1.0000
INFO:committorch.training.protein_loop:Collected 5 snapshots, 0 OPES kernels total
INFO:__main__:Iteration 235: loss=5.4247e-01, bke=4.2784e-02, boundary=4.9969e-01
INFO:__main__:  OPES: n_kernels=0, rct=-14.1346, ess=1.0000
INFO:committorch.training.protein_loop:Collected 5 snapshots, 0 OPES kernels total
INFO:__main__:Iteration 236: loss=5.4488e-01, bke=4.5198e-02, boundary=4.9968e-01
INFO:__main__:  OPES: n_kernels=0, rct=-14.1346, ess=1.0000
INFO:committorch.training.protein_loop:Collected 5 snapshots, 0 OPES kernels total
INFO:__main__:Iteration 237: loss=5.4634e-01, bke=4.6663e-02, boundary=4.9967e-01
INFO:__main__:  OPES: n_kernels=0, rct=-14.1346, ess=1.0000
INFO:committorch.training.protein_loop:Collected 5 snapshots, 0 OPES kernels total
INFO:__main__:Iteration 238: loss=5.4869e-01, bke=4.9021e-02, boundary=4.9967e-01
INFO:__main__:  OPES: n_kernels=0, rct=-14.1346, ess=1.0000
INFO:committorch.training.protein_loop:Collected 5 snapshots, 0 OPES kernels total
INFO:__main__:Iteration 239: loss=5.5058e-01, bke=5.0920e-02, boundary=4.9966e-01
INFO:__main__:  OPES: n_kernels=0, rct=-14.1346, ess=1.0000
INFO:committorch.training.protein_loop:Collected 5 snapshots, 0 OPES kernels total
INFO:__main__:Iteration 240: loss=5.5402e-01, bke=5.4373e-02, boundary=4.9965e-01
INFO:__main__:  OPES: n_kernels=0, rct=-14.1346, ess=1.0000
INFO:committorch.training.protein_loop:Collected 5 snapshots, 0 OPES kernels total
INFO:__main__:Iteration 241: loss=5.5741e-01, bke=5.7771e-02, boundary=4.9964e-01
INFO:__main__:  OPES: n_kernels=0, rct=-14.1346, ess=1.0000
INFO:committorch.training.protein_loop:Collected 5 snapshots, 0 OPES kernels total
INFO:__main__:Iteration 242: loss=5.6008e-01, bke=6.0445e-02, boundary=4.9963e-01
INFO:__main__:  OPES: n_kernels=0, rct=-14.1346, ess=1.0000
INFO:committorch.training.protein_loop:Collected 5 snapshots, 0 OPES kernels total
INFO:__main__:Iteration 243: loss=5.6380e-01, bke=6.4180e-02, boundary=4.9962e-01
INFO:__main__:  OPES: n_kernels=0, rct=-14.1346, ess=1.0000
INFO:committorch.training.protein_loop:Collected 5 snapshots, 0 OPES kernels total
INFO:__main__:Iteration 244: loss=5.6395e-01, bke=6.4342e-02, boundary=4.9961e-01
INFO:__main__:  OPES: n_kernels=0, rct=-14.1346, ess=1.0000
INFO:committorch.training.protein_loop:Collected 5 snapshots, 0 OPES kernels total
INFO:__main__:Iteration 245: loss=5.6863e-01, bke=6.9031e-02, boundary=4.9960e-01
INFO:__main__:  OPES: n_kernels=0, rct=-14.1346, ess=1.0000
INFO:committorch.training.protein_loop:Collected 5 snapshots, 0 OPES kernels total
INFO:__main__:Iteration 246: loss=5.6900e-01, bke=6.9409e-02, boundary=4.9959e-01
INFO:__main__:  OPES: n_kernels=0, rct=-14.1346, ess=1.0000
INFO:committorch.training.protein_loop:Collected 5 snapshots, 0 OPES kernels total
INFO:__main__:Iteration 247: loss=5.7442e-01, bke=7.4833e-02, boundary=4.9958e-01
INFO:__main__:  OPES: n_kernels=0, rct=-14.1346, ess=1.0000
INFO:committorch.training.protein_loop:Collected 5 snapshots, 0 OPES kernels total
INFO:__main__:Iteration 248: loss=5.8059e-01, bke=8.1018e-02, boundary=4.9958e-01
INFO:__main__:  OPES: n_kernels=0, rct=-14.1346, ess=1.0000
INFO:committorch.training.protein_loop:Collected 5 snapshots, 0 OPES kernels total
INFO:__main__:Iteration 249: loss=5.8647e-01, bke=8.6897e-02, boundary=4.9958e-01
INFO:__main__:  OPES: n_kernels=0, rct=-14.1346, ess=1.0000
INFO:committorch.training.protein_loop:Collected 5 snapshots, 0 OPES kernels total
INFO:__main__:Iteration 250: loss=5.8557e-01, bke=8.6008e-02, boundary=4.9957e-01
INFO:__main__:  OPES: n_kernels=0, rct=-14.1346, ess=1.0000
INFO:committorch.training.protein_loop:Collected 5 snapshots, 0 OPES kernels total
INFO:__main__:Iteration 251: loss=5.8068e-01, bke=8.1107e-02, boundary=4.9957e-01
INFO:__main__:  OPES: n_kernels=0, rct=-14.1346, ess=1.0000
INFO:committorch.training.protein_loop:Collected 5 snapshots, 0 OPES kernels total
INFO:__main__:Iteration 252: loss=5.9523e-01, bke=9.5700e-02, boundary=4.9953e-01
INFO:__main__:  OPES: n_kernels=0, rct=-14.1346, ess=1.0000
INFO:committorch.training.protein_loop:Collected 5 snapshots, 0 OPES kernels total
INFO:__main__:Iteration 253: loss=5.9750e-01, bke=9.7975e-02, boundary=4.9952e-01
INFO:__main__:  OPES: n_kernels=0, rct=-14.1346, ess=1.0000
INFO:committorch.training.protein_loop:Collected 5 snapshots, 0 OPES kernels total
INFO:__main__:Iteration 254: loss=6.0244e-01, bke=1.0293e-01, boundary=4.9951e-01
INFO:__main__:  OPES: n_kernels=0, rct=-14.1346, ess=1.0000
INFO:committorch.training.protein_loop:Collected 5 snapshots, 0 OPES kernels total
INFO:__main__:Iteration 255: loss=6.0727e-01, bke=1.0776e-01, boundary=4.9950e-01
INFO:__main__:  OPES: n_kernels=0, rct=-14.1346, ess=1.0000
INFO:committorch.training.protein_loop:Collected 5 snapshots, 0 OPES kernels total
INFO:__main__:Iteration 256: loss=6.1426e-01, bke=1.1477e-01, boundary=4.9949e-01
INFO:__main__:  OPES: n_kernels=0, rct=-14.1346, ess=1.0000
INFO:committorch.training.protein_loop:Collected 5 snapshots, 0 OPES kernels total
INFO:__main__:Iteration 257: loss=6.2128e-01, bke=1.2180e-01, boundary=4.9948e-01
INFO:__main__:  OPES: n_kernels=0, rct=-14.1346, ess=1.0000
INFO:committorch.training.protein_loop:Collected 5 snapshots, 0 OPES kernels total
INFO:__main__:Iteration 258: loss=6.2444e-01, bke=1.2497e-01, boundary=4.9947e-01
INFO:__main__:  OPES: n_kernels=0, rct=-14.1346, ess=1.0000
INFO:committorch.training.protein_loop:Collected 5 snapshots, 0 OPES kernels total
INFO:__main__:Iteration 259: loss=6.2830e-01, bke=1.2884e-01, boundary=4.9945e-01
INFO:__main__:  OPES: n_kernels=0, rct=-14.1346, ess=1.0000
INFO:committorch.training.protein_loop:Collected 5 snapshots, 0 OPES kernels total
INFO:__main__:Iteration 260: loss=6.1784e-01, bke=1.1839e-01, boundary=4.9944e-01
INFO:__main__:  OPES: n_kernels=0, rct=-14.1346, ess=1.0000
INFO:committorch.training.protein_loop:Collected 5 snapshots, 0 OPES kernels total
INFO:__main__:Iteration 261: loss=6.4568e-01, bke=1.4624e-01, boundary=4.9943e-01
INFO:__main__:  OPES: n_kernels=0, rct=-14.1346, ess=1.0000
INFO:committorch.training.protein_loop:Collected 5 snapshots, 0 OPES kernels total
INFO:__main__:Iteration 262: loss=6.4963e-01, bke=1.5021e-01, boundary=4.9943e-01
INFO:__main__:  OPES: n_kernels=0, rct=-14.1346, ess=1.0000
INFO:committorch.training.protein_loop:Collected 5 snapshots, 0 OPES kernels total
INFO:__main__:Iteration 263: loss=6.5384e-01, bke=1.5442e-01, boundary=4.9941e-01
INFO:__main__:  OPES: n_kernels=0, rct=-14.1346, ess=1.0000
INFO:committorch.training.protein_loop:Collected 5 snapshots, 0 OPES kernels total
INFO:__main__:Iteration 264: loss=6.5348e-01, bke=1.5406e-01, boundary=4.9942e-01
INFO:__main__:  OPES: n_kernels=0, rct=-14.1346, ess=1.0000
INFO:committorch.training.protein_loop:Collected 5 snapshots, 0 OPES kernels total
INFO:__main__:Iteration 265: loss=6.6731e-01, bke=1.6793e-01, boundary=4.9938e-01
INFO:__main__:  OPES: n_kernels=0, rct=-14.1346, ess=1.0000
INFO:committorch.training.protein_loop:Collected 5 snapshots, 0 OPES kernels total
INFO:__main__:Iteration 266: loss=6.7704e-01, bke=1.7768e-01, boundary=4.9937e-01
INFO:__main__:  OPES: n_kernels=0, rct=-14.1346, ess=1.0000
INFO:committorch.training.protein_loop:Collected 5 snapshots, 0 OPES kernels total
INFO:__main__:Iteration 267: loss=6.8432e-01, bke=1.8497e-01, boundary=4.9935e-01
INFO:__main__:  OPES: n_kernels=0, rct=-14.1346, ess=1.0000
INFO:committorch.training.protein_loop:Collected 5 snapshots, 0 OPES kernels total
INFO:__main__:Iteration 268: loss=6.8866e-01, bke=1.8933e-01, boundary=4.9934e-01
INFO:__main__:  OPES: n_kernels=0, rct=-14.1346, ess=1.0000
INFO:committorch.training.protein_loop:Collected 5 snapshots, 0 OPES kernels total
INFO:__main__:Iteration 269: loss=7.0004e-01, bke=2.0072e-01, boundary=4.9932e-01
INFO:__main__:  OPES: n_kernels=0, rct=-14.1346, ess=1.0000
INFO:committorch.training.protein_loop:Collected 5 snapshots, 0 OPES kernels total
INFO:__main__:Iteration 270: loss=7.0949e-01, bke=2.1019e-01, boundary=4.9931e-01
INFO:__main__:  OPES: n_kernels=0, rct=-14.1346, ess=1.0000
INFO:committorch.training.protein_loop:Collected 5 snapshots, 0 OPES kernels total
INFO:__main__:Iteration 271: loss=7.2441e-01, bke=2.2512e-01, boundary=4.9929e-01
INFO:__main__:  OPES: n_kernels=0, rct=-14.1346, ess=1.0000
INFO:committorch.training.protein_loop:Collected 5 snapshots, 0 OPES kernels total
INFO:__main__:Iteration 272: loss=7.3843e-01, bke=2.3916e-01, boundary=4.9927e-01
INFO:__main__:  OPES: n_kernels=0, rct=-14.1346, ess=1.0000
INFO:committorch.training.protein_loop:Collected 5 snapshots, 0 OPES kernels total
INFO:__main__:Iteration 273: loss=7.4043e-01, bke=2.4117e-01, boundary=4.9926e-01
INFO:__main__:  OPES: n_kernels=0, rct=-14.1346, ess=1.0000
INFO:committorch.training.protein_loop:Collected 5 snapshots, 0 OPES kernels total
INFO:__main__:Iteration 274: loss=7.5679e-01, bke=2.5755e-01, boundary=4.9924e-01
INFO:__main__:  OPES: n_kernels=0, rct=-14.1346, ess=1.0000
INFO:committorch.training.protein_loop:Collected 5 snapshots, 0 OPES kernels total
INFO:__main__:Iteration 275: loss=7.6715e-01, bke=2.6792e-01, boundary=4.9923e-01
INFO:__main__:  OPES: n_kernels=0, rct=-14.1346, ess=1.0000
INFO:committorch.training.protein_loop:Collected 5 snapshots, 0 OPES kernels total
INFO:__main__:Iteration 276: loss=7.7150e-01, bke=2.7230e-01, boundary=4.9921e-01
INFO:__main__:  OPES: n_kernels=0, rct=-14.1346, ess=1.0000
INFO:committorch.training.protein_loop:Collected 5 snapshots, 0 OPES kernels total
INFO:__main__:Iteration 277: loss=7.8956e-01, bke=2.9037e-01, boundary=4.9919e-01
INFO:__main__:  OPES: n_kernels=0, rct=-14.1346, ess=1.0000
INFO:committorch.training.protein_loop:Collected 5 snapshots, 0 OPES kernels total
INFO:__main__:Iteration 278: loss=8.0013e-01, bke=3.0096e-01, boundary=4.9917e-01
INFO:__main__:  OPES: n_kernels=0, rct=-14.1346, ess=1.0000
INFO:committorch.training.protein_loop:Collected 5 snapshots, 0 OPES kernels total
INFO:__main__:Iteration 279: loss=8.1905e-01, bke=3.1990e-01, boundary=4.9915e-01
INFO:__main__:  OPES: n_kernels=0, rct=-14.1346, ess=1.0000
INFO:committorch.training.protein_loop:Collected 5 snapshots, 0 OPES kernels total
INFO:__main__:Iteration 280: loss=8.2641e-01, bke=3.2728e-01, boundary=4.9913e-01
INFO:__main__:  OPES: n_kernels=0, rct=-14.1346, ess=1.0000
INFO:committorch.training.protein_loop:Collected 5 snapshots, 0 OPES kernels total
INFO:__main__:Iteration 281: loss=8.4671e-01, bke=3.4760e-01, boundary=4.9911e-01
INFO:__main__:  OPES: n_kernels=0, rct=-14.1346, ess=1.0000
INFO:committorch.training.protein_loop:Collected 5 snapshots, 0 OPES kernels total
INFO:__main__:Iteration 282: loss=8.3728e-01, bke=3.3819e-01, boundary=4.9909e-01
INFO:__main__:  OPES: n_kernels=0, rct=-14.1346, ess=1.0000
INFO:committorch.training.protein_loop:Collected 5 snapshots, 0 OPES kernels total
INFO:__main__:Iteration 283: loss=8.7261e-01, bke=3.7354e-01, boundary=4.9907e-01
INFO:__main__:  OPES: n_kernels=0, rct=-14.1346, ess=1.0000
INFO:committorch.training.protein_loop:Collected 5 snapshots, 0 OPES kernels total
INFO:__main__:Iteration 284: loss=8.9588e-01, bke=3.9683e-01, boundary=4.9905e-01
INFO:__main__:  OPES: n_kernels=0, rct=-14.1346, ess=1.0000
INFO:committorch.training.protein_loop:Collected 5 snapshots, 0 OPES kernels total
INFO:__main__:Iteration 285: loss=9.0462e-01, bke=4.0559e-01, boundary=4.9903e-01
INFO:__main__:  OPES: n_kernels=0, rct=-14.1346, ess=1.0000
INFO:committorch.training.protein_loop:Collected 5 snapshots, 0 OPES kernels total
INFO:__main__:Iteration 286: loss=9.4204e-01, bke=4.4303e-01, boundary=4.9901e-01
INFO:__main__:  OPES: n_kernels=0, rct=-14.1346, ess=1.0000
INFO:committorch.training.protein_loop:Collected 5 snapshots, 0 OPES kernels total
INFO:__main__:Iteration 287: loss=9.7017e-01, bke=4.7118e-01, boundary=4.9899e-01
INFO:__main__:  OPES: n_kernels=0, rct=-14.1346, ess=1.0000
INFO:committorch.training.protein_loop:Collected 5 snapshots, 0 OPES kernels total
INFO:__main__:Iteration 288: loss=9.8338e-01, bke=4.8442e-01, boundary=4.9896e-01
INFO:__main__:  OPES: n_kernels=0, rct=-14.1346, ess=1.0000
INFO:committorch.training.protein_loop:Collected 5 snapshots, 0 OPES kernels total
INFO:__main__:Iteration 289: loss=1.0065e+00, bke=5.0757e-01, boundary=4.9894e-01
INFO:__main__:  OPES: n_kernels=0, rct=-14.1346, ess=1.0000
INFO:committorch.training.protein_loop:Collected 5 snapshots, 0 OPES kernels total
INFO:__main__:Iteration 290: loss=1.0178e+00, bke=5.1884e-01, boundary=4.9891e-01
INFO:__main__:  OPES: n_kernels=0, rct=-14.1346, ess=1.0000
INFO:committorch.training.protein_loop:Collected 5 snapshots, 0 OPES kernels total
INFO:__main__:Iteration 291: loss=1.0516e+00, bke=5.5269e-01, boundary=4.9889e-01
INFO:__main__:  OPES: n_kernels=0, rct=-14.1346, ess=1.0000
INFO:committorch.training.protein_loop:Collected 5 snapshots, 0 OPES kernels total
INFO:__main__:Iteration 292: loss=1.0803e+00, bke=5.8141e-01, boundary=4.9887e-01
INFO:__main__:  OPES: n_kernels=0, rct=-14.1346, ess=1.0000
INFO:committorch.training.protein_loop:Collected 5 snapshots, 0 OPES kernels total
INFO:__main__:Iteration 293: loss=1.1015e+00, bke=6.0262e-01, boundary=4.9884e-01
INFO:__main__:  OPES: n_kernels=0, rct=-14.1346, ess=1.0000
INFO:committorch.training.protein_loop:Collected 5 snapshots, 0 OPES kernels total
INFO:__main__:Iteration 294: loss=1.1047e+00, bke=6.0593e-01, boundary=4.9881e-01
INFO:__main__:  OPES: n_kernels=0, rct=-14.1346, ess=1.0000
INFO:committorch.training.protein_loop:Collected 5 snapshots, 0 OPES kernels total
INFO:__main__:Iteration 295: loss=1.1309e+00, bke=6.3216e-01, boundary=4.9879e-01
INFO:__main__:  OPES: n_kernels=0, rct=-14.1346, ess=1.0000
INFO:committorch.training.protein_loop:Collected 5 snapshots, 0 OPES kernels total
INFO:__main__:Iteration 296: loss=1.1748e+00, bke=6.7603e-01, boundary=4.9876e-01
INFO:__main__:  OPES: n_kernels=0, rct=-14.1346, ess=1.0000
INFO:committorch.training.protein_loop:Collected 5 snapshots, 0 OPES kernels total
INFO:__main__:Iteration 297: loss=1.2030e+00, bke=7.0431e-01, boundary=4.9873e-01
INFO:__main__:  OPES: n_kernels=0, rct=-14.1346, ess=1.0000
INFO:committorch.training.protein_loop:Collected 5 snapshots, 0 OPES kernels total
INFO:__main__:Iteration 298: loss=1.2278e+00, bke=7.2912e-01, boundary=4.9871e-01
INFO:__main__:  OPES: n_kernels=0, rct=-14.1346, ess=1.0000
INFO:committorch.training.protein_loop:Collected 5 snapshots, 0 OPES kernels total
INFO:__main__:Iteration 299: loss=1.2649e+00, bke=7.6626e-01, boundary=4.9868e-01
INFO:__main__:  OPES: n_kernels=0, rct=-14.1346, ess=1.0000
INFO:committorch.training.protein_loop:Collected 5 snapshots, 0 OPES kernels total
INFO:__main__:Iteration 300: loss=1.2936e+00, bke=7.9500e-01, boundary=4.9865e-01
INFO:__main__:  OPES: n_kernels=0, rct=-14.1346, ess=1.0000
INFO:committorch.training.protein_loop:Collected 5 snapshots, 0 OPES kernels total
INFO:__main__:Iteration 301: loss=1.3386e+00, bke=8.4001e-01, boundary=4.9862e-01
INFO:__main__:  OPES: n_kernels=0, rct=-14.1346, ess=1.0000
INFO:committorch.training.protein_loop:Collected 5 snapshots, 0 OPES kernels total
INFO:__main__:Iteration 302: loss=1.3630e+00, bke=8.6446e-01, boundary=4.9859e-01
INFO:__main__:  OPES: n_kernels=0, rct=-14.1346, ess=1.0000
INFO:committorch.training.protein_loop:Collected 5 snapshots, 0 OPES kernels total
INFO:__main__:Iteration 303: loss=1.4131e+00, bke=9.1455e-01, boundary=4.9856e-01
INFO:__main__:  OPES: n_kernels=0, rct=-14.1346, ess=1.0000
INFO:committorch.training.protein_loop:Collected 5 snapshots, 0 OPES kernels total
INFO:__main__:Iteration 304: loss=1.4274e+00, bke=9.2888e-01, boundary=4.9852e-01
INFO:__main__:  OPES: n_kernels=0, rct=-14.1346, ess=1.0000
INFO:committorch.training.protein_loop:Collected 5 snapshots, 0 OPES kernels total
INFO:__main__:Iteration 305: loss=1.4955e+00, bke=9.9706e-01, boundary=4.9849e-01
INFO:__main__:  OPES: n_kernels=0, rct=-14.1346, ess=1.0000
INFO:committorch.training.protein_loop:Collected 5 snapshots, 0 OPES kernels total
INFO:__main__:Iteration 306: loss=1.3999e+00, bke=9.0144e-01, boundary=4.9849e-01
INFO:__main__:  OPES: n_kernels=0, rct=-14.1346, ess=1.0000
INFO:committorch.training.protein_loop:Collected 5 snapshots, 0 OPES kernels total
INFO:__main__:Iteration 307: loss=1.5744e+00, bke=1.0759e+00, boundary=4.9845e-01
INFO:__main__:  OPES: n_kernels=0, rct=-14.1346, ess=1.0000
INFO:committorch.training.protein_loop:Collected 5 snapshots, 0 OPES kernels total
INFO:__main__:Iteration 308: loss=1.6399e+00, bke=1.1415e+00, boundary=4.9839e-01
INFO:__main__:  OPES: n_kernels=0, rct=-14.1346, ess=1.0000
INFO:committorch.training.protein_loop:Collected 5 snapshots, 0 OPES kernels total
INFO:__main__:Iteration 309: loss=1.7171e+00, bke=1.2187e+00, boundary=4.9836e-01
INFO:__main__:  OPES: n_kernels=0, rct=-14.1346, ess=1.0000
INFO:committorch.training.protein_loop:Collected 5 snapshots, 0 OPES kernels total
INFO:__main__:Iteration 310: loss=1.7772e+00, bke=1.2788e+00, boundary=4.9832e-01
INFO:__main__:  OPES: n_kernels=0, rct=-14.1346, ess=1.0000
INFO:committorch.training.protein_loop:Collected 5 snapshots, 0 OPES kernels total
INFO:__main__:Iteration 311: loss=1.8505e+00, bke=1.3522e+00, boundary=4.9829e-01
INFO:__main__:  OPES: n_kernels=0, rct=-14.1346, ess=1.0000
INFO:committorch.training.protein_loop:Collected 5 snapshots, 0 OPES kernels total
INFO:__main__:Iteration 312: loss=1.8968e+00, bke=1.3986e+00, boundary=4.9825e-01
INFO:__main__:  OPES: n_kernels=0, rct=-14.1346, ess=1.0000
INFO:committorch.training.protein_loop:Collected 5 snapshots, 0 OPES kernels total
INFO:__main__:Iteration 313: loss=1.9576e+00, bke=1.4594e+00, boundary=4.9821e-01
INFO:__main__:  OPES: n_kernels=0, rct=-14.1346, ess=1.0000
INFO:committorch.training.protein_loop:Collected 5 snapshots, 0 OPES kernels total
INFO:__main__:Iteration 314: loss=2.0125e+00, bke=1.5143e+00, boundary=4.9817e-01
INFO:__main__:  OPES: n_kernels=0, rct=-14.1346, ess=1.0000
INFO:committorch.training.protein_loop:Collected 5 snapshots, 0 OPES kernels total
INFO:__main__:Iteration 315: loss=1.9888e+00, bke=1.4906e+00, boundary=4.9813e-01
INFO:__main__:  OPES: n_kernels=0, rct=-14.1346, ess=1.0000
INFO:committorch.training.protein_loop:Collected 5 snapshots, 0 OPES kernels total
INFO:__main__:Iteration 316: loss=2.1507e+00, bke=1.6526e+00, boundary=4.9809e-01
INFO:__main__:  OPES: n_kernels=0, rct=-14.1346, ess=1.0000
INFO:committorch.training.protein_loop:Collected 5 snapshots, 0 OPES kernels total
INFO:__main__:Iteration 317: loss=2.1322e+00, bke=1.6342e+00, boundary=4.9805e-01
INFO:__main__:  OPES: n_kernels=0, rct=-14.1346, ess=1.0000
INFO:committorch.training.protein_loop:Collected 5 snapshots, 0 OPES kernels total
INFO:__main__:Iteration 318: loss=2.2817e+00, bke=1.7837e+00, boundary=4.9804e-01
INFO:__main__:  OPES: n_kernels=0, rct=-14.1346, ess=1.0000
INFO:committorch.training.protein_loop:Collected 5 snapshots, 0 OPES kernels total
INFO:__main__:Iteration 319: loss=2.4012e+00, bke=1.9033e+00, boundary=4.9798e-01
INFO:__main__:  OPES: n_kernels=0, rct=-14.1346, ess=1.0000
INFO:committorch.training.protein_loop:Collected 5 snapshots, 0 OPES kernels total
INFO:__main__:Iteration 320: loss=2.3373e+00, bke=1.8394e+00, boundary=4.9793e-01
INFO:__main__:  OPES: n_kernels=0, rct=-14.1346, ess=1.0000
INFO:committorch.training.protein_loop:Collected 5 snapshots, 0 OPES kernels total
INFO:__main__:Iteration 321: loss=2.4674e+00, bke=1.9695e+00, boundary=4.9789e-01
INFO:__main__:  OPES: n_kernels=0, rct=-14.1346, ess=1.0000
INFO:committorch.training.protein_loop:Collected 5 snapshots, 0 OPES kernels total
INFO:__main__:Iteration 322: loss=2.5092e+00, bke=2.0113e+00, boundary=4.9785e-01
INFO:__main__:  OPES: n_kernels=0, rct=-14.1346, ess=1.0000
INFO:committorch.training.protein_loop:Collected 5 snapshots, 0 OPES kernels total
INFO:__main__:Iteration 323: loss=2.6514e+00, bke=2.1536e+00, boundary=4.9780e-01
INFO:__main__:  OPES: n_kernels=0, rct=-14.1346, ess=1.0000
INFO:committorch.training.protein_loop:Collected 5 snapshots, 0 OPES kernels total
INFO:__main__:Iteration 324: loss=2.7858e+00, bke=2.2880e+00, boundary=4.9776e-01
INFO:__main__:  OPES: n_kernels=0, rct=-14.1346, ess=1.0000
INFO:committorch.training.protein_loop:Collected 5 snapshots, 0 OPES kernels total
INFO:__main__:Iteration 325: loss=2.8285e+00, bke=2.3308e+00, boundary=4.9771e-01
INFO:__main__:  OPES: n_kernels=0, rct=-14.1346, ess=1.0000
INFO:committorch.training.protein_loop:Collected 5 snapshots, 0 OPES kernels total
INFO:__main__:Iteration 326: loss=2.8583e+00, bke=2.3606e+00, boundary=4.9770e-01
INFO:__main__:  OPES: n_kernels=0, rct=-14.1346, ess=1.0000
INFO:committorch.training.protein_loop:Collected 5 snapshots, 0 OPES kernels total
INFO:__main__:Iteration 327: loss=3.0870e+00, bke=2.5893e+00, boundary=4.9765e-01
INFO:__main__:  OPES: n_kernels=0, rct=-14.1346, ess=1.0000
INFO:committorch.training.protein_loop:Collected 5 snapshots, 0 OPES kernels total
INFO:__main__:Iteration 328: loss=3.1954e+00, bke=2.6979e+00, boundary=4.9759e-01
INFO:__main__:  OPES: n_kernels=0, rct=-14.1346, ess=1.0000
INFO:committorch.training.protein_loop:Collected 5 snapshots, 0 OPES kernels total
INFO:__main__:Iteration 329: loss=3.3524e+00, bke=2.8549e+00, boundary=4.9752e-01
INFO:__main__:  OPES: n_kernels=0, rct=-14.1346, ess=1.0000
INFO:committorch.training.protein_loop:Collected 5 snapshots, 0 OPES kernels total
INFO:__main__:Iteration 330: loss=3.3556e+00, bke=2.8581e+00, boundary=4.9747e-01
INFO:__main__:  OPES: n_kernels=0, rct=-14.1346, ess=1.0000
INFO:committorch.training.protein_loop:Collected 5 snapshots, 0 OPES kernels total
INFO:__main__:Iteration 331: loss=3.4973e+00, bke=2.9999e+00, boundary=4.9743e-01
INFO:__main__:  OPES: n_kernels=0, rct=-14.1346, ess=1.0000
INFO:committorch.training.protein_loop:Collected 5 snapshots, 0 OPES kernels total
INFO:__main__:Iteration 332: loss=3.6333e+00, bke=3.1359e+00, boundary=4.9737e-01
INFO:__main__:  OPES: n_kernels=0, rct=-14.1346, ess=1.0000
INFO:committorch.training.protein_loop:Collected 5 snapshots, 0 OPES kernels total
INFO:__main__:Iteration 333: loss=3.7141e+00, bke=3.2168e+00, boundary=4.9733e-01
INFO:__main__:  OPES: n_kernels=0, rct=-14.1346, ess=1.0000
INFO:committorch.training.protein_loop:Collected 5 snapshots, 0 OPES kernels total
INFO:__main__:Iteration 334: loss=3.8589e+00, bke=3.3617e+00, boundary=4.9727e-01
INFO:__main__:  OPES: n_kernels=0, rct=-14.1346, ess=1.0000
INFO:committorch.training.protein_loop:Collected 5 snapshots, 0 OPES kernels total
INFO:__main__:Iteration 335: loss=3.9101e+00, bke=3.4129e+00, boundary=4.9722e-01
INFO:__main__:  OPES: n_kernels=0, rct=-14.1346, ess=1.0000
INFO:committorch.training.protein_loop:Collected 5 snapshots, 0 OPES kernels total
INFO:__main__:Iteration 336: loss=4.0087e+00, bke=3.5115e+00, boundary=4.9717e-01
INFO:__main__:  OPES: n_kernels=0, rct=-14.1346, ess=1.0000
INFO:committorch.training.protein_loop:Collected 5 snapshots, 0 OPES kernels total
INFO:__main__:Iteration 337: loss=4.2384e+00, bke=3.7413e+00, boundary=4.9711e-01
INFO:__main__:  OPES: n_kernels=0, rct=-14.1346, ess=1.0000
INFO:committorch.training.protein_loop:Collected 5 snapshots, 0 OPES kernels total
INFO:__main__:Iteration 338: loss=4.3816e+00, bke=3.8846e+00, boundary=4.9705e-01
INFO:__main__:  OPES: n_kernels=0, rct=-14.1346, ess=1.0000
INFO:committorch.training.protein_loop:Collected 5 snapshots, 0 OPES kernels total
INFO:__main__:Iteration 339: loss=4.5808e+00, bke=4.0838e+00, boundary=4.9700e-01
INFO:__main__:  OPES: n_kernels=0, rct=-14.1346, ess=1.0000
INFO:committorch.training.protein_loop:Collected 5 snapshots, 0 OPES kernels total
INFO:__main__:Iteration 340: loss=4.7348e+00, bke=4.2379e+00, boundary=4.9694e-01
INFO:__main__:  OPES: n_kernels=0, rct=-14.1346, ess=1.0000
INFO:committorch.training.protein_loop:Collected 5 snapshots, 0 OPES kernels total
INFO:__main__:Iteration 341: loss=4.8830e+00, bke=4.3861e+00, boundary=4.9688e-01
INFO:__main__:  OPES: n_kernels=0, rct=-14.1346, ess=1.0000
INFO:committorch.training.protein_loop:Collected 5 snapshots, 0 OPES kernels total
INFO:__main__:Iteration 342: loss=5.1042e+00, bke=4.6074e+00, boundary=4.9682e-01
INFO:__main__:  OPES: n_kernels=0, rct=-14.1346, ess=1.0000
INFO:committorch.training.protein_loop:Collected 5 snapshots, 0 OPES kernels total
INFO:__main__:Iteration 343: loss=5.4201e+00, bke=4.9233e+00, boundary=4.9676e-01
INFO:__main__:  OPES: n_kernels=0, rct=-14.1346, ess=1.0000
INFO:committorch.training.protein_loop:Collected 5 snapshots, 0 OPES kernels total
INFO:__main__:Iteration 344: loss=5.6315e+00, bke=5.1348e+00, boundary=4.9670e-01
INFO:__main__:  OPES: n_kernels=0, rct=-14.1346, ess=1.0000
INFO:committorch.training.protein_loop:Collected 5 snapshots, 0 OPES kernels total
INFO:__main__:Iteration 345: loss=5.7023e+00, bke=5.2057e+00, boundary=4.9664e-01
INFO:__main__:  OPES: n_kernels=0, rct=-14.1346, ess=1.0000
INFO:committorch.training.protein_loop:Collected 5 snapshots, 0 OPES kernels total
INFO:__main__:Iteration 346: loss=5.8579e+00, bke=5.3614e+00, boundary=4.9657e-01
INFO:__main__:  OPES: n_kernels=0, rct=-14.1346, ess=1.0000
INFO:committorch.training.protein_loop:Collected 5 snapshots, 0 OPES kernels total
INFO:__main__:Iteration 347: loss=6.0641e+00, bke=5.5676e+00, boundary=4.9651e-01
INFO:__main__:  OPES: n_kernels=0, rct=-14.1346, ess=1.0000
INFO:committorch.training.protein_loop:Collected 5 snapshots, 0 OPES kernels total
INFO:__main__:Iteration 348: loss=6.2502e+00, bke=5.7538e+00, boundary=4.9644e-01
INFO:__main__:  OPES: n_kernels=0, rct=-14.1346, ess=1.0000
INFO:committorch.training.protein_loop:Collected 5 snapshots, 0 OPES kernels total
INFO:__main__:Iteration 349: loss=6.4116e+00, bke=5.9153e+00, boundary=4.9637e-01
INFO:__main__:  OPES: n_kernels=0, rct=-14.1346, ess=1.0000
INFO:committorch.training.protein_loop:Collected 5 snapshots, 0 OPES kernels total
INFO:__main__:Iteration 350: loss=6.7447e+00, bke=6.2483e+00, boundary=4.9631e-01
INFO:__main__:  OPES: n_kernels=0, rct=-14.1346, ess=1.0000
INFO:committorch.training.protein_loop:Collected 5 snapshots, 0 OPES kernels total
INFO:__main__:Iteration 351: loss=7.0615e+00, bke=6.5652e+00, boundary=4.9624e-01
INFO:__main__:  OPES: n_kernels=0, rct=-14.1346, ess=1.0000
INFO:committorch.training.protein_loop:Collected 5 snapshots, 0 OPES kernels total
INFO:__main__:Iteration 352: loss=7.1412e+00, bke=6.6451e+00, boundary=4.9617e-01
INFO:__main__:  OPES: n_kernels=0, rct=-14.1346, ess=1.0000
INFO:committorch.training.protein_loop:Collected 5 snapshots, 0 OPES kernels total
INFO:__main__:Iteration 353: loss=7.6688e+00, bke=7.1727e+00, boundary=4.9610e-01
INFO:__main__:  OPES: n_kernels=0, rct=-14.1346, ess=1.0000
INFO:committorch.training.protein_loop:Collected 5 snapshots, 0 OPES kernels total
INFO:__main__:Iteration 354: loss=7.7101e+00, bke=7.2140e+00, boundary=4.9602e-01
INFO:__main__:  OPES: n_kernels=0, rct=-14.1346, ess=1.0000
INFO:committorch.training.protein_loop:Collected 5 snapshots, 0 OPES kernels total
INFO:__main__:Iteration 355: loss=8.1075e+00, bke=7.6115e+00, boundary=4.9595e-01
INFO:__main__:  OPES: n_kernels=0, rct=-14.1346, ess=1.0000
INFO:committorch.training.protein_loop:Collected 5 snapshots, 0 OPES kernels total
INFO:__main__:Iteration 356: loss=8.4119e+00, bke=7.9160e+00, boundary=4.9587e-01
INFO:__main__:  OPES: n_kernels=0, rct=-14.1346, ess=1.0000
INFO:committorch.training.protein_loop:Collected 5 snapshots, 0 OPES kernels total
INFO:__main__:Iteration 357: loss=8.8294e+00, bke=8.3336e+00, boundary=4.9580e-01
INFO:__main__:  OPES: n_kernels=0, rct=-14.1346, ess=1.0000
INFO:committorch.training.protein_loop:Collected 5 snapshots, 0 OPES kernels total
INFO:__main__:Iteration 358: loss=9.0231e+00, bke=8.5274e+00, boundary=4.9572e-01
INFO:__main__:  OPES: n_kernels=0, rct=-14.1346, ess=1.0000
INFO:committorch.training.protein_loop:Collected 5 snapshots, 0 OPES kernels total
INFO:__main__:Iteration 359: loss=9.5352e+00, bke=9.0396e+00, boundary=4.9564e-01
INFO:__main__:  OPES: n_kernels=0, rct=-14.1346, ess=1.0000
INFO:committorch.training.protein_loop:Collected 5 snapshots, 0 OPES kernels total
INFO:__main__:Iteration 360: loss=9.7263e+00, bke=9.2307e+00, boundary=4.9556e-01
INFO:__main__:  OPES: n_kernels=0, rct=-14.1346, ess=1.0000
INFO:committorch.training.protein_loop:Collected 5 snapshots, 0 OPES kernels total
INFO:__main__:Iteration 361: loss=9.8151e+00, bke=9.3196e+00, boundary=4.9548e-01
INFO:__main__:  OPES: n_kernels=0, rct=-14.1346, ess=1.0000
INFO:committorch.training.protein_loop:Collected 5 snapshots, 0 OPES kernels total
INFO:__main__:Iteration 362: loss=1.0017e+01, bke=9.5220e+00, boundary=4.9540e-01
INFO:__main__:  OPES: n_kernels=0, rct=-14.1346, ess=1.0000
INFO:committorch.training.protein_loop:Collected 5 snapshots, 0 OPES kernels total
INFO:__main__:Iteration 363: loss=1.0574e+01, bke=1.0078e+01, boundary=4.9531e-01
INFO:__main__:  OPES: n_kernels=0, rct=-14.1346, ess=1.0000
INFO:committorch.training.protein_loop:Collected 5 snapshots, 0 OPES kernels total
INFO:__main__:Iteration 364: loss=1.0450e+01, bke=9.9550e+00, boundary=4.9523e-01
INFO:__main__:  OPES: n_kernels=0, rct=-14.1346, ess=1.0000
INFO:committorch.training.protein_loop:Collected 5 snapshots, 0 OPES kernels total
INFO:__main__:Iteration 365: loss=1.2090e+01, bke=1.1595e+01, boundary=4.9514e-01
INFO:__main__:  OPES: n_kernels=0, rct=-14.1346, ess=1.0000
INFO:committorch.training.protein_loop:Collected 5 snapshots, 0 OPES kernels total
INFO:__main__:Iteration 366: loss=1.2091e+01, bke=1.1596e+01, boundary=4.9506e-01
INFO:__main__:  OPES: n_kernels=0, rct=-14.1346, ess=1.0000
INFO:committorch.training.protein_loop:Collected 5 snapshots, 0 OPES kernels total
INFO:__main__:Iteration 367: loss=1.2649e+01, bke=1.2154e+01, boundary=4.9497e-01
INFO:__main__:  OPES: n_kernels=0, rct=-14.1346, ess=1.0000
INFO:committorch.training.protein_loop:Collected 5 snapshots, 0 OPES kernels total
INFO:__main__:Iteration 368: loss=1.3127e+01, bke=1.2632e+01, boundary=4.9488e-01
INFO:__main__:  OPES: n_kernels=0, rct=-14.1346, ess=1.0000
INFO:committorch.training.protein_loop:Collected 5 snapshots, 0 OPES kernels total
INFO:__main__:Iteration 369: loss=1.3576e+01, bke=1.3081e+01, boundary=4.9479e-01
INFO:__main__:  OPES: n_kernels=0, rct=-14.1346, ess=1.0000
INFO:committorch.training.protein_loop:Collected 5 snapshots, 0 OPES kernels total
INFO:__main__:Iteration 370: loss=1.4306e+01, bke=1.3811e+01, boundary=4.9469e-01
INFO:__main__:  OPES: n_kernels=0, rct=-14.1346, ess=1.0000
INFO:committorch.training.protein_loop:Collected 5 snapshots, 0 OPES kernels total
INFO:__main__:Iteration 371: loss=1.4466e+01, bke=1.3972e+01, boundary=4.9460e-01
INFO:__main__:  OPES: n_kernels=0, rct=-14.1346, ess=1.0000
INFO:committorch.training.protein_loop:Collected 5 snapshots, 0 OPES kernels total
INFO:__main__:Iteration 372: loss=1.4784e+01, bke=1.4289e+01, boundary=4.9450e-01
INFO:__main__:  OPES: n_kernels=0, rct=-14.1346, ess=1.0000
INFO:committorch.training.protein_loop:Collected 5 snapshots, 0 OPES kernels total
INFO:__main__:Iteration 373: loss=1.5448e+01, bke=1.4954e+01, boundary=4.9441e-01
INFO:__main__:  OPES: n_kernels=0, rct=-14.1346, ess=1.0000
INFO:committorch.training.protein_loop:Collected 5 snapshots, 0 OPES kernels total
INFO:__main__:Iteration 374: loss=1.5880e+01, bke=1.5386e+01, boundary=4.9431e-01
INFO:__main__:  OPES: n_kernels=0, rct=-14.1346, ess=1.0000
INFO:committorch.training.protein_loop:Collected 5 snapshots, 0 OPES kernels total
INFO:__main__:Iteration 375: loss=1.6418e+01, bke=1.5924e+01, boundary=4.9421e-01
INFO:__main__:  OPES: n_kernels=0, rct=-14.1346, ess=1.0000
INFO:committorch.training.protein_loop:Collected 5 snapshots, 0 OPES kernels total
INFO:__main__:Iteration 376: loss=1.7259e+01, bke=1.6765e+01, boundary=4.9411e-01
INFO:__main__:  OPES: n_kernels=0, rct=-14.1346, ess=1.0000
INFO:committorch.training.protein_loop:Collected 5 snapshots, 0 OPES kernels total
INFO:__main__:Iteration 377: loss=1.7911e+01, bke=1.7417e+01, boundary=4.9401e-01
INFO:__main__:  OPES: n_kernels=0, rct=-14.1346, ess=1.0000
INFO:committorch.training.protein_loop:Collected 5 snapshots, 0 OPES kernels total
INFO:__main__:Iteration 378: loss=1.8438e+01, bke=1.7944e+01, boundary=4.9409e-01
INFO:__main__:  OPES: n_kernels=0, rct=-14.1346, ess=1.0000
INFO:committorch.training.protein_loop:Collected 5 snapshots, 0 OPES kernels total
INFO:__main__:Iteration 379: loss=1.8901e+01, bke=1.8407e+01, boundary=4.9418e-01
INFO:__main__:  OPES: n_kernels=0, rct=-14.1346, ess=1.0000
INFO:committorch.training.protein_loop:Collected 5 snapshots, 0 OPES kernels total
INFO:__main__:Iteration 380: loss=1.8248e+01, bke=1.7753e+01, boundary=4.9419e-01
INFO:__main__:  OPES: n_kernels=0, rct=-14.1346, ess=1.0000
INFO:committorch.training.protein_loop:Collected 5 snapshots, 0 OPES kernels total
INFO:__main__:Iteration 381: loss=1.8804e+01, bke=1.8310e+01, boundary=4.9418e-01
INFO:__main__:  OPES: n_kernels=0, rct=-14.1346, ess=1.0000
INFO:committorch.training.protein_loop:Collected 5 snapshots, 0 OPES kernels total
INFO:__main__:Iteration 382: loss=2.0044e+01, bke=1.9551e+01, boundary=4.9358e-01
INFO:__main__:  OPES: n_kernels=0, rct=-14.1346, ess=1.0000
INFO:committorch.training.protein_loop:Collected 5 snapshots, 0 OPES kernels total
INFO:__main__:Iteration 383: loss=2.0939e+01, bke=2.0445e+01, boundary=4.9401e-01
INFO:__main__:  OPES: n_kernels=0, rct=-14.1346, ess=1.0000
INFO:committorch.training.protein_loop:Collected 5 snapshots, 0 OPES kernels total
INFO:__main__:Iteration 384: loss=2.1554e+01, bke=2.1060e+01, boundary=4.9365e-01
INFO:__main__:  OPES: n_kernels=0, rct=-14.1346, ess=1.0000
INFO:committorch.training.protein_loop:Collected 5 snapshots, 0 OPES kernels total
INFO:__main__:Iteration 385: loss=2.2341e+01, bke=2.1848e+01, boundary=4.9341e-01
INFO:__main__:  OPES: n_kernels=0, rct=-14.1346, ess=1.0000
INFO:committorch.training.protein_loop:Collected 5 snapshots, 0 OPES kernels total
INFO:__main__:Iteration 386: loss=2.1927e+01, bke=2.1434e+01, boundary=4.9368e-01
INFO:__main__:  OPES: n_kernels=0, rct=-14.1346, ess=1.0000
INFO:committorch.training.protein_loop:Collected 5 snapshots, 0 OPES kernels total
INFO:__main__:Iteration 387: loss=2.2232e+01, bke=2.1739e+01, boundary=4.9330e-01
INFO:__main__:  OPES: n_kernels=0, rct=-14.1346, ess=1.0000
INFO:committorch.training.protein_loop:Collected 5 snapshots, 0 OPES kernels total
INFO:__main__:Iteration 388: loss=2.3212e+01, bke=2.2718e+01, boundary=4.9323e-01
INFO:__main__:  OPES: n_kernels=0, rct=-14.1346, ess=1.0000
INFO:committorch.training.protein_loop:Collected 5 snapshots, 0 OPES kernels total
INFO:__main__:Iteration 389: loss=2.2184e+01, bke=2.1690e+01, boundary=4.9335e-01
INFO:__main__:  OPES: n_kernels=0, rct=-14.1346, ess=1.0000
INFO:committorch.training.protein_loop:Collected 5 snapshots, 0 OPES kernels total
INFO:__main__:Iteration 390: loss=2.5382e+01, bke=2.4889e+01, boundary=4.9302e-01
INFO:__main__:  OPES: n_kernels=0, rct=-14.1346, ess=1.0000
INFO:committorch.training.protein_loop:Collected 5 snapshots, 0 OPES kernels total
INFO:__main__:Iteration 391: loss=2.5453e+01, bke=2.4960e+01, boundary=4.9302e-01
INFO:__main__:  OPES: n_kernels=0, rct=-14.1346, ess=1.0000
INFO:committorch.training.protein_loop:Collected 5 snapshots, 0 OPES kernels total
INFO:__main__:Iteration 392: loss=2.5302e+01, bke=2.4809e+01, boundary=4.9304e-01
INFO:__main__:  OPES: n_kernels=0, rct=-14.1346, ess=1.0000
INFO:committorch.training.protein_loop:Collected 5 snapshots, 0 OPES kernels total
INFO:__main__:Iteration 393: loss=2.5508e+01, bke=2.5015e+01, boundary=4.9276e-01
INFO:__main__:  OPES: n_kernels=0, rct=-14.1346, ess=1.0000
INFO:committorch.training.protein_loop:Collected 5 snapshots, 0 OPES kernels total
INFO:__main__:Iteration 394: loss=2.6286e+01, bke=2.5794e+01, boundary=4.9280e-01
INFO:__main__:  OPES: n_kernels=0, rct=-14.1346, ess=1.0000
INFO:committorch.training.protein_loop:Collected 5 snapshots, 0 OPES kernels total
INFO:__main__:Iteration 395: loss=2.7189e+01, bke=2.6697e+01, boundary=4.9273e-01
INFO:__main__:  OPES: n_kernels=0, rct=-14.1346, ess=1.0000
INFO:committorch.training.protein_loop:Collected 5 snapshots, 0 OPES kernels total
INFO:__main__:Iteration 396: loss=2.8388e+01, bke=2.7896e+01, boundary=4.9253e-01
INFO:__main__:  OPES: n_kernels=0, rct=-14.1346, ess=1.0000
INFO:committorch.training.protein_loop:Collected 5 snapshots, 0 OPES kernels total
INFO:__main__:Iteration 397: loss=2.9587e+01, bke=2.9095e+01, boundary=4.9257e-01
INFO:__main__:  OPES: n_kernels=0, rct=-14.1346, ess=1.0000
INFO:committorch.training.protein_loop:Collected 5 snapshots, 0 OPES kernels total
INFO:__main__:Iteration 398: loss=2.9787e+01, bke=2.9295e+01, boundary=4.9243e-01
INFO:__main__:  OPES: n_kernels=0, rct=-14.1346, ess=1.0000
INFO:committorch.training.protein_loop:Collected 5 snapshots, 0 OPES kernels total
INFO:__main__:Iteration 399: loss=2.9528e+01, bke=2.9036e+01, boundary=4.9231e-01
INFO:__main__:  OPES: n_kernels=0, rct=-14.1346, ess=1.0000
INFO:committorch.training.protein_loop:Collected 5 snapshots, 0 OPES kernels total
INFO:__main__:Iteration 400: loss=3.0734e+01, bke=3.0241e+01, boundary=4.9232e-01
INFO:__main__:  OPES: n_kernels=0, rct=-14.1346, ess=1.0000
INFO:committorch.training.protein_loop:Collected 5 snapshots, 0 OPES kernels total
INFO:__main__:Iteration 401: loss=3.1154e+01, bke=3.0662e+01, boundary=4.9215e-01
INFO:__main__:  OPES: n_kernels=0, rct=-14.1346, ess=1.0000
INFO:committorch.training.protein_loop:Collected 5 snapshots, 0 OPES kernels total
INFO:__main__:Iteration 402: loss=3.1683e+01, bke=3.1191e+01, boundary=4.9209e-01
INFO:__main__:  OPES: n_kernels=0, rct=-14.1346, ess=1.0000
INFO:committorch.training.protein_loop:Collected 5 snapshots, 0 OPES kernels total
INFO:__main__:Iteration 403: loss=3.2659e+01, bke=3.2167e+01, boundary=4.9204e-01
INFO:__main__:  OPES: n_kernels=0, rct=-14.1346, ess=1.0000
INFO:committorch.training.protein_loop:Collected 5 snapshots, 0 OPES kernels total
INFO:__main__:Iteration 404: loss=3.3177e+01, bke=3.2685e+01, boundary=4.9189e-01
INFO:__main__:  OPES: n_kernels=0, rct=-14.1346, ess=1.0000
INFO:committorch.training.protein_loop:Collected 5 snapshots, 0 OPES kernels total
INFO:__main__:Iteration 405: loss=3.3680e+01, bke=3.3188e+01, boundary=4.9186e-01
INFO:__main__:  OPES: n_kernels=0, rct=-14.1346, ess=1.0000
INFO:committorch.training.protein_loop:Collected 5 snapshots, 0 OPES kernels total
INFO:__main__:Iteration 406: loss=3.4521e+01, bke=3.4030e+01, boundary=4.9176e-01
INFO:__main__:  OPES: n_kernels=0, rct=-14.1346, ess=1.0000
INFO:committorch.training.protein_loop:Collected 5 snapshots, 0 OPES kernels total
INFO:__main__:Iteration 407: loss=3.4355e+01, bke=3.3864e+01, boundary=4.9165e-01
INFO:__main__:  OPES: n_kernels=0, rct=-14.1346, ess=1.0000
INFO:committorch.training.protein_loop:Collected 5 snapshots, 0 OPES kernels total
INFO:__main__:Iteration 408: loss=3.5868e+01, bke=3.5376e+01, boundary=4.9161e-01
INFO:__main__:  OPES: n_kernels=0, rct=-14.1346, ess=1.0000
INFO:committorch.training.protein_loop:Collected 5 snapshots, 0 OPES kernels total
INFO:__main__:Iteration 409: loss=3.7415e+01, bke=3.6923e+01, boundary=4.9148e-01
INFO:__main__:  OPES: n_kernels=0, rct=-14.1346, ess=1.0000
INFO:committorch.training.protein_loop:Collected 5 snapshots, 0 OPES kernels total
INFO:__main__:Iteration 410: loss=3.8212e+01, bke=3.7721e+01, boundary=4.9142e-01
INFO:__main__:  OPES: n_kernels=0, rct=-14.1346, ess=1.0000
INFO:committorch.training.protein_loop:Collected 5 snapshots, 0 OPES kernels total
INFO:__main__:Iteration 411: loss=3.9067e+01, bke=3.8576e+01, boundary=4.9133e-01
INFO:__main__:  OPES: n_kernels=0, rct=-14.1346, ess=1.0000
INFO:committorch.training.protein_loop:Collected 5 snapshots, 0 OPES kernels total
INFO:__main__:Iteration 412: loss=3.8895e+01, bke=3.8404e+01, boundary=4.9122e-01
INFO:__main__:  OPES: n_kernels=0, rct=-14.1346, ess=1.0000
INFO:committorch.training.protein_loop:Collected 5 snapshots, 0 OPES kernels total
INFO:__main__:Iteration 413: loss=3.5377e+01, bke=3.4886e+01, boundary=4.9116e-01
INFO:__main__:  OPES: n_kernels=0, rct=-14.1346, ess=1.0000
INFO:committorch.training.protein_loop:Collected 5 snapshots, 0 OPES kernels total
INFO:__main__:Iteration 414: loss=4.0391e+01, bke=3.9900e+01, boundary=4.9105e-01
INFO:__main__:  OPES: n_kernels=0, rct=-14.1346, ess=1.0000
INFO:committorch.training.protein_loop:Collected 5 snapshots, 0 OPES kernels total
INFO:__main__:Iteration 415: loss=4.1897e+01, bke=4.1406e+01, boundary=4.9099e-01
INFO:__main__:  OPES: n_kernels=0, rct=-14.1346, ess=1.0000
INFO:committorch.training.protein_loop:Collected 5 snapshots, 0 OPES kernels total
INFO:__main__:Iteration 416: loss=4.3382e+01, bke=4.2891e+01, boundary=4.9087e-01
INFO:__main__:  OPES: n_kernels=0, rct=-14.1346, ess=1.0000
INFO:committorch.training.protein_loop:Collected 5 snapshots, 0 OPES kernels total
INFO:__main__:Iteration 417: loss=4.3331e+01, bke=4.2841e+01, boundary=4.9081e-01
INFO:__main__:  OPES: n_kernels=0, rct=-14.1346, ess=1.0000
INFO:committorch.training.protein_loop:Collected 5 snapshots, 0 OPES kernels total
INFO:__main__:Iteration 418: loss=4.5189e+01, bke=4.4699e+01, boundary=4.9070e-01
INFO:__main__:  OPES: n_kernels=0, rct=-14.1346, ess=1.0000
INFO:committorch.training.protein_loop:Collected 5 snapshots, 0 OPES kernels total
INFO:__main__:Iteration 419: loss=4.5642e+01, bke=4.5151e+01, boundary=4.9063e-01
INFO:__main__:  OPES: n_kernels=0, rct=-14.1346, ess=1.0000
INFO:committorch.training.protein_loop:Collected 5 snapshots, 0 OPES kernels total
INFO:__main__:Iteration 420: loss=4.6744e+01, bke=4.6253e+01, boundary=4.9052e-01
INFO:__main__:  OPES: n_kernels=0, rct=-14.1346, ess=1.0000
INFO:committorch.training.protein_loop:Collected 5 snapshots, 0 OPES kernels total
INFO:__main__:Iteration 421: loss=4.7681e+01, bke=4.7190e+01, boundary=4.9044e-01
INFO:__main__:  OPES: n_kernels=0, rct=-14.1346, ess=1.0000
INFO:committorch.training.protein_loop:Collected 5 snapshots, 0 OPES kernels total
INFO:__main__:Iteration 422: loss=4.7345e+01, bke=4.6855e+01, boundary=4.9035e-01
INFO:__main__:  OPES: n_kernels=0, rct=-14.1346, ess=1.0000
INFO:committorch.training.protein_loop:Collected 5 snapshots, 0 OPES kernels total
INFO:__main__:Iteration 423: loss=4.8335e+01, bke=4.7844e+01, boundary=4.9025e-01
INFO:__main__:  OPES: n_kernels=0, rct=-14.1346, ess=1.0000
INFO:committorch.training.protein_loop:Collected 5 snapshots, 0 OPES kernels total
INFO:__main__:Iteration 424: loss=4.8582e+01, bke=4.8092e+01, boundary=4.9019e-01
INFO:__main__:  OPES: n_kernels=0, rct=-14.1346, ess=1.0000
INFO:committorch.training.protein_loop:Collected 5 snapshots, 0 OPES kernels total
INFO:__main__:Iteration 425: loss=5.0250e+01, bke=4.9760e+01, boundary=4.9010e-01
INFO:__main__:  OPES: n_kernels=0, rct=-14.1346, ess=1.0000
INFO:committorch.training.protein_loop:Collected 5 snapshots, 0 OPES kernels total
INFO:__main__:Iteration 426: loss=5.1755e+01, bke=5.1265e+01, boundary=4.9000e-01
INFO:__main__:  OPES: n_kernels=0, rct=-14.1346, ess=1.0000
INFO:committorch.training.protein_loop:Collected 5 snapshots, 0 OPES kernels total
INFO:__main__:Iteration 427: loss=5.1521e+01, bke=5.1032e+01, boundary=4.8990e-01
INFO:__main__:  OPES: n_kernels=0, rct=-14.1346, ess=1.0000
INFO:committorch.training.protein_loop:Collected 5 snapshots, 0 OPES kernels total
INFO:__main__:Iteration 428: loss=5.2962e+01, bke=5.2472e+01, boundary=4.8982e-01
INFO:__main__:  OPES: n_kernels=0, rct=-14.1346, ess=1.0000
INFO:committorch.training.protein_loop:Collected 5 snapshots, 0 OPES kernels total
INFO:__main__:Iteration 429: loss=5.5656e+01, bke=5.5166e+01, boundary=4.8969e-01
INFO:__main__:  OPES: n_kernels=0, rct=-14.1346, ess=1.0000
INFO:committorch.training.protein_loop:Collected 5 snapshots, 0 OPES kernels total
INFO:__main__:Iteration 430: loss=5.6579e+01, bke=5.6089e+01, boundary=4.8965e-01
INFO:__main__:  OPES: n_kernels=0, rct=-14.1346, ess=1.0000
INFO:committorch.training.protein_loop:Collected 5 snapshots, 0 OPES kernels total
INFO:__main__:Iteration 431: loss=5.6969e+01, bke=5.6480e+01, boundary=4.8956e-01
INFO:__main__:  OPES: n_kernels=0, rct=-14.1346, ess=1.0000
INFO:committorch.training.protein_loop:Collected 5 snapshots, 0 OPES kernels total
INFO:__main__:Iteration 432: loss=5.8386e+01, bke=5.7897e+01, boundary=4.8947e-01
INFO:__main__:  OPES: n_kernels=0, rct=-14.1346, ess=1.0000
INFO:committorch.training.protein_loop:Collected 5 snapshots, 0 OPES kernels total
INFO:__main__:Iteration 433: loss=6.0078e+01, bke=5.9588e+01, boundary=4.8935e-01
INFO:__main__:  OPES: n_kernels=0, rct=-14.1346, ess=1.0000
INFO:committorch.training.protein_loop:Collected 5 snapshots, 0 OPES kernels total
INFO:__main__:Iteration 434: loss=6.1917e+01, bke=6.1428e+01, boundary=4.8928e-01
INFO:__main__:  OPES: n_kernels=0, rct=-14.1346, ess=1.0000
INFO:committorch.training.protein_loop:Collected 5 snapshots, 0 OPES kernels total
INFO:__main__:Iteration 435: loss=6.1975e+01, bke=6.1486e+01, boundary=4.8915e-01
INFO:__main__:  OPES: n_kernels=0, rct=-14.1346, ess=1.0000
INFO:committorch.training.protein_loop:Collected 5 snapshots, 0 OPES kernels total
INFO:__main__:Iteration 436: loss=6.3207e+01, bke=6.2718e+01, boundary=4.8909e-01
INFO:__main__:  OPES: n_kernels=0, rct=-14.1346, ess=1.0000
INFO:committorch.training.protein_loop:Collected 5 snapshots, 0 OPES kernels total
INFO:__main__:Iteration 437: loss=6.4300e+01, bke=6.3811e+01, boundary=4.8895e-01
INFO:__main__:  OPES: n_kernels=0, rct=-14.1346, ess=1.0000
INFO:committorch.training.protein_loop:Collected 5 snapshots, 0 OPES kernels total
INFO:__main__:Iteration 438: loss=6.5753e+01, bke=6.5264e+01, boundary=4.8889e-01
INFO:__main__:  OPES: n_kernels=0, rct=-14.1346, ess=1.0000
INFO:committorch.training.protein_loop:Collected 5 snapshots, 0 OPES kernels total
INFO:__main__:Iteration 439: loss=6.4361e+01, bke=6.3872e+01, boundary=4.8876e-01
INFO:__main__:  OPES: n_kernels=0, rct=-14.1346, ess=1.0000
INFO:committorch.training.protein_loop:Collected 5 snapshots, 0 OPES kernels total
INFO:__main__:Iteration 440: loss=6.7972e+01, bke=6.7483e+01, boundary=4.8879e-01
INFO:__main__:  OPES: n_kernels=0, rct=-14.1346, ess=1.0000
INFO:committorch.training.protein_loop:Collected 5 snapshots, 0 OPES kernels total
INFO:__main__:Iteration 441: loss=7.0756e+01, bke=7.0268e+01, boundary=4.8871e-01
INFO:__main__:  OPES: n_kernels=0, rct=-14.1346, ess=1.0000
INFO:committorch.training.protein_loop:Collected 5 snapshots, 0 OPES kernels total
INFO:__main__:Iteration 442: loss=7.2447e+01, bke=7.1958e+01, boundary=4.8852e-01
INFO:__main__:  OPES: n_kernels=0, rct=-14.1346, ess=1.0000
INFO:committorch.training.protein_loop:Collected 5 snapshots, 0 OPES kernels total
INFO:__main__:Iteration 443: loss=7.2665e+01, bke=7.2177e+01, boundary=4.8847e-01
INFO:__main__:  OPES: n_kernels=0, rct=-14.1346, ess=1.0000
INFO:committorch.training.protein_loop:Collected 5 snapshots, 0 OPES kernels total
INFO:__main__:Iteration 444: loss=7.2880e+01, bke=7.2391e+01, boundary=4.8834e-01
INFO:__main__:  OPES: n_kernels=0, rct=-14.1346, ess=1.0000
INFO:committorch.training.protein_loop:Collected 5 snapshots, 0 OPES kernels total
INFO:__main__:Iteration 445: loss=7.4875e+01, bke=7.4387e+01, boundary=4.8825e-01
INFO:__main__:  OPES: n_kernels=0, rct=-14.1346, ess=1.0000
INFO:committorch.training.protein_loop:Collected 5 snapshots, 0 OPES kernels total
INFO:__main__:Iteration 446: loss=7.5526e+01, bke=7.5038e+01, boundary=4.8816e-01
INFO:__main__:  OPES: n_kernels=0, rct=-14.1346, ess=1.0000
INFO:committorch.training.protein_loop:Collected 5 snapshots, 0 OPES kernels total
INFO:__main__:Iteration 447: loss=7.6326e+01, bke=7.5837e+01, boundary=4.8853e-01
INFO:__main__:  OPES: n_kernels=0, rct=-14.1346, ess=1.0000
INFO:committorch.training.protein_loop:Collected 5 snapshots, 0 OPES kernels total
INFO:__main__:Iteration 448: loss=7.7701e+01, bke=7.7213e+01, boundary=4.8790e-01
INFO:__main__:  OPES: n_kernels=0, rct=-14.1346, ess=1.0000
INFO:committorch.training.protein_loop:Collected 5 snapshots, 0 OPES kernels total
INFO:__main__:Iteration 449: loss=8.0846e+01, bke=8.0359e+01, boundary=4.8784e-01
INFO:__main__:  OPES: n_kernels=0, rct=-14.1346, ess=1.0000
INFO:committorch.training.protein_loop:Collected 5 snapshots, 0 OPES kernels total
INFO:__main__:Iteration 450: loss=8.2987e+01, bke=8.2499e+01, boundary=4.8772e-01
INFO:__main__:  OPES: n_kernels=0, rct=-14.1346, ess=1.0000
INFO:committorch.training.protein_loop:Collected 5 snapshots, 0 OPES kernels total
INFO:__main__:Iteration 451: loss=8.2345e+01, bke=8.1857e+01, boundary=4.8762e-01
INFO:__main__:  OPES: n_kernels=0, rct=-14.1346, ess=1.0000
INFO:committorch.training.protein_loop:Collected 5 snapshots, 0 OPES kernels total
INFO:__main__:Iteration 452: loss=8.3362e+01, bke=8.2874e+01, boundary=4.8753e-01
INFO:__main__:  OPES: n_kernels=0, rct=-14.1346, ess=1.0000
INFO:committorch.training.protein_loop:Collected 5 snapshots, 0 OPES kernels total
INFO:__main__:Iteration 453: loss=8.5854e+01, bke=8.5367e+01, boundary=4.8746e-01
INFO:__main__:  OPES: n_kernels=0, rct=-14.1346, ess=1.0000
INFO:committorch.training.protein_loop:Collected 5 snapshots, 0 OPES kernels total
INFO:__main__:Iteration 454: loss=8.8783e+01, bke=8.8295e+01, boundary=4.8732e-01
INFO:__main__:  OPES: n_kernels=0, rct=-14.1346, ess=1.0000
INFO:committorch.training.protein_loop:Collected 5 snapshots, 0 OPES kernels total
INFO:__main__:Iteration 455: loss=8.9244e+01, bke=8.8756e+01, boundary=4.8721e-01
INFO:__main__:  OPES: n_kernels=0, rct=-14.1346, ess=1.0000
INFO:committorch.training.protein_loop:Collected 5 snapshots, 0 OPES kernels total
INFO:__main__:Iteration 456: loss=9.0358e+01, bke=8.9871e+01, boundary=4.8713e-01
INFO:__main__:  OPES: n_kernels=0, rct=-14.1346, ess=1.0000
INFO:committorch.training.protein_loop:Collected 5 snapshots, 0 OPES kernels total
INFO:__main__:Iteration 457: loss=9.1967e+01, bke=9.1480e+01, boundary=4.8704e-01
INFO:__main__:  OPES: n_kernels=0, rct=-14.1346, ess=1.0000
INFO:committorch.training.protein_loop:Collected 5 snapshots, 0 OPES kernels total
INFO:__main__:Iteration 458: loss=9.3456e+01, bke=9.2969e+01, boundary=4.8694e-01
INFO:__main__:  OPES: n_kernels=0, rct=-14.1346, ess=1.0000
INFO:committorch.training.protein_loop:Collected 5 snapshots, 0 OPES kernels total
INFO:__main__:Iteration 459: loss=9.4473e+01, bke=9.3986e+01, boundary=4.8684e-01
INFO:__main__:  OPES: n_kernels=0, rct=-14.1346, ess=1.0000
INFO:committorch.training.protein_loop:Collected 5 snapshots, 0 OPES kernels total
INFO:__main__:Iteration 460: loss=9.6963e+01, bke=9.6476e+01, boundary=4.8674e-01
INFO:__main__:  OPES: n_kernels=0, rct=-14.1346, ess=1.0000
INFO:committorch.training.protein_loop:Collected 5 snapshots, 0 OPES kernels total
INFO:__main__:Iteration 461: loss=1.0062e+02, bke=1.0013e+02, boundary=4.8664e-01
INFO:__main__:  OPES: n_kernels=0, rct=-14.1346, ess=1.0000
INFO:committorch.training.protein_loop:Collected 5 snapshots, 0 OPES kernels total
INFO:__main__:Iteration 462: loss=1.0097e+02, bke=1.0048e+02, boundary=4.8654e-01
INFO:__main__:  OPES: n_kernels=0, rct=-14.1346, ess=1.0000
INFO:committorch.training.protein_loop:Collected 5 snapshots, 0 OPES kernels total
INFO:__main__:Iteration 463: loss=1.0393e+02, bke=1.0344e+02, boundary=4.8644e-01
INFO:__main__:  OPES: n_kernels=0, rct=-14.1346, ess=1.0000
INFO:committorch.training.protein_loop:Collected 5 snapshots, 0 OPES kernels total
INFO:__main__:Iteration 464: loss=1.0391e+02, bke=1.0343e+02, boundary=4.8633e-01
INFO:__main__:  OPES: n_kernels=0, rct=-14.1346, ess=1.0000
INFO:committorch.training.protein_loop:Collected 5 snapshots, 0 OPES kernels total
INFO:__main__:Iteration 465: loss=1.0494e+02, bke=1.0445e+02, boundary=4.8624e-01
INFO:__main__:  OPES: n_kernels=0, rct=-14.1346, ess=1.0000
INFO:committorch.training.protein_loop:Collected 5 snapshots, 0 OPES kernels total
INFO:__main__:Iteration 466: loss=1.0878e+02, bke=1.0830e+02, boundary=4.8613e-01
INFO:__main__:  OPES: n_kernels=0, rct=-14.1346, ess=1.0000
INFO:committorch.training.protein_loop:Collected 5 snapshots, 0 OPES kernels total
INFO:__main__:Iteration 467: loss=1.1123e+02, bke=1.1075e+02, boundary=4.8603e-01
INFO:__main__:  OPES: n_kernels=0, rct=-14.1346, ess=1.0000
INFO:committorch.training.protein_loop:Collected 5 snapshots, 0 OPES kernels total
INFO:__main__:Iteration 468: loss=1.1223e+02, bke=1.1175e+02, boundary=4.8592e-01
INFO:__main__:  OPES: n_kernels=0, rct=-14.1346, ess=1.0000
INFO:committorch.training.protein_loop:Collected 5 snapshots, 0 OPES kernels total
INFO:__main__:Iteration 469: loss=1.1324e+02, bke=1.1275e+02, boundary=4.8582e-01
INFO:__main__:  OPES: n_kernels=0, rct=-14.1346, ess=1.0000
INFO:committorch.training.protein_loop:Collected 5 snapshots, 0 OPES kernels total
INFO:__main__:Iteration 470: loss=1.1490e+02, bke=1.1441e+02, boundary=4.8572e-01
INFO:__main__:  OPES: n_kernels=0, rct=-14.1346, ess=1.0000
INFO:committorch.training.protein_loop:Collected 5 snapshots, 0 OPES kernels total
INFO:__main__:Iteration 471: loss=1.1526e+02, bke=1.1477e+02, boundary=4.8561e-01
INFO:__main__:  OPES: n_kernels=0, rct=-14.1346, ess=1.0000
INFO:committorch.training.protein_loop:Collected 5 snapshots, 0 OPES kernels total
INFO:__main__:Iteration 472: loss=1.1783e+02, bke=1.1734e+02, boundary=4.8551e-01
INFO:__main__:  OPES: n_kernels=0, rct=-14.1346, ess=1.0000
INFO:committorch.training.protein_loop:Collected 5 snapshots, 0 OPES kernels total
INFO:__main__:Iteration 473: loss=1.1985e+02, bke=1.1936e+02, boundary=4.8540e-01
INFO:__main__:  OPES: n_kernels=0, rct=-14.1346, ess=1.0000
INFO:committorch.training.protein_loop:Collected 5 snapshots, 0 OPES kernels total
INFO:__main__:Iteration 474: loss=1.1937e+02, bke=1.1888e+02, boundary=4.8529e-01
INFO:__main__:  OPES: n_kernels=0, rct=-14.1346, ess=1.0000
INFO:committorch.training.protein_loop:Collected 5 snapshots, 0 OPES kernels total
INFO:__main__:Iteration 475: loss=1.2182e+02, bke=1.2134e+02, boundary=4.8519e-01
INFO:__main__:  OPES: n_kernels=0, rct=-14.1346, ess=1.0000
INFO:committorch.training.protein_loop:Collected 5 snapshots, 0 OPES kernels total
INFO:__main__:Iteration 476: loss=1.2736e+02, bke=1.2688e+02, boundary=4.8508e-01
INFO:__main__:  OPES: n_kernels=0, rct=-14.1346, ess=1.0000
INFO:committorch.training.protein_loop:Collected 5 snapshots, 0 OPES kernels total
INFO:__main__:Iteration 477: loss=1.2545e+02, bke=1.2497e+02, boundary=4.8497e-01
INFO:__main__:  OPES: n_kernels=0, rct=-14.1346, ess=1.0000
INFO:committorch.training.protein_loop:Collected 5 snapshots, 0 OPES kernels total
INFO:__main__:Iteration 478: loss=1.3036e+02, bke=1.2988e+02, boundary=4.8486e-01
INFO:__main__:  OPES: n_kernels=0, rct=-14.1346, ess=1.0000
INFO:committorch.training.protein_loop:Collected 5 snapshots, 0 OPES kernels total
INFO:__main__:Iteration 479: loss=1.3423e+02, bke=1.3375e+02, boundary=4.8476e-01
INFO:__main__:  OPES: n_kernels=0, rct=-14.1346, ess=1.0000
INFO:committorch.training.protein_loop:Collected 5 snapshots, 0 OPES kernels total
INFO:__main__:Iteration 480: loss=1.3854e+02, bke=1.3805e+02, boundary=4.8465e-01
INFO:__main__:  OPES: n_kernels=0, rct=-14.1346, ess=1.0000
INFO:committorch.training.protein_loop:Collected 5 snapshots, 0 OPES kernels total
INFO:__main__:Iteration 481: loss=1.3813e+02, bke=1.3765e+02, boundary=4.8454e-01
INFO:__main__:  OPES: n_kernels=0, rct=-14.1346, ess=1.0000
INFO:committorch.training.protein_loop:Collected 5 snapshots, 0 OPES kernels total
INFO:__main__:Iteration 482: loss=1.3937e+02, bke=1.3888e+02, boundary=4.8443e-01
INFO:__main__:  OPES: n_kernels=0, rct=-14.1346, ess=1.0000
INFO:committorch.training.protein_loop:Collected 5 snapshots, 0 OPES kernels total
INFO:__main__:Iteration 483: loss=1.4046e+02, bke=1.3998e+02, boundary=4.8432e-01
INFO:__main__:  OPES: n_kernels=0, rct=-14.1346, ess=1.0000
INFO:committorch.training.protein_loop:Collected 5 snapshots, 0 OPES kernels total
INFO:__main__:Iteration 484: loss=1.4458e+02, bke=1.4410e+02, boundary=4.8421e-01
INFO:__main__:  OPES: n_kernels=0, rct=-14.1346, ess=1.0000
INFO:committorch.training.protein_loop:Collected 5 snapshots, 0 OPES kernels total
INFO:__main__:Iteration 485: loss=1.4378e+02, bke=1.4329e+02, boundary=4.8410e-01
INFO:__main__:  OPES: n_kernels=0, rct=-14.1346, ess=1.0000
INFO:committorch.training.protein_loop:Collected 5 snapshots, 0 OPES kernels total
INFO:__main__:Iteration 486: loss=1.4829e+02, bke=1.4781e+02, boundary=4.8399e-01
INFO:__main__:  OPES: n_kernels=0, rct=-14.1346, ess=1.0000
INFO:committorch.training.protein_loop:Collected 5 snapshots, 0 OPES kernels total
INFO:__main__:Iteration 487: loss=1.5102e+02, bke=1.5053e+02, boundary=4.8388e-01
INFO:__main__:  OPES: n_kernels=0, rct=-14.1346, ess=1.0000
INFO:committorch.training.protein_loop:Collected 5 snapshots, 0 OPES kernels total
INFO:__main__:Iteration 488: loss=1.5146e+02, bke=1.5098e+02, boundary=4.8377e-01
INFO:__main__:  OPES: n_kernels=0, rct=-14.1346, ess=1.0000
INFO:committorch.training.protein_loop:Collected 5 snapshots, 0 OPES kernels total
INFO:__main__:Iteration 489: loss=1.5902e+02, bke=1.5854e+02, boundary=4.8366e-01
INFO:__main__:  OPES: n_kernels=0, rct=-14.1346, ess=1.0000
INFO:committorch.training.protein_loop:Collected 5 snapshots, 0 OPES kernels total
INFO:__main__:Iteration 490: loss=1.6165e+02, bke=1.6117e+02, boundary=4.8355e-01
INFO:__main__:  OPES: n_kernels=0, rct=-14.1346, ess=1.0000
INFO:committorch.training.protein_loop:Collected 5 snapshots, 0 OPES kernels total
INFO:__main__:Iteration 491: loss=1.6690e+02, bke=1.6642e+02, boundary=4.8343e-01
INFO:__main__:  OPES: n_kernels=0, rct=-14.1346, ess=1.0000
INFO:committorch.training.protein_loop:Collected 5 snapshots, 0 OPES kernels total
INFO:__main__:Iteration 492: loss=1.6454e+02, bke=1.6405e+02, boundary=4.8332e-01
INFO:__main__:  OPES: n_kernels=0, rct=-14.1346, ess=1.0000
INFO:committorch.training.protein_loop:Collected 5 snapshots, 0 OPES kernels total
INFO:__main__:Iteration 493: loss=1.6627e+02, bke=1.6578e+02, boundary=4.8321e-01
INFO:__main__:  OPES: n_kernels=0, rct=-14.1346, ess=1.0000
INFO:committorch.training.protein_loop:Collected 5 snapshots, 0 OPES kernels total
INFO:__main__:Iteration 494: loss=1.6984e+02, bke=1.6936e+02, boundary=4.8310e-01
INFO:__main__:  OPES: n_kernels=0, rct=-14.1346, ess=1.0000
INFO:committorch.training.protein_loop:Collected 5 snapshots, 0 OPES kernels total
INFO:__main__:Iteration 495: loss=1.7511e+02, bke=1.7463e+02, boundary=4.8298e-01
INFO:__main__:  OPES: n_kernels=0, rct=-14.1346, ess=1.0000
INFO:committorch.training.protein_loop:Collected 5 snapshots, 0 OPES kernels total
INFO:__main__:Iteration 496: loss=1.7985e+02, bke=1.7937e+02, boundary=4.8287e-01
INFO:__main__:  OPES: n_kernels=0, rct=-14.1346, ess=1.0000
INFO:committorch.training.protein_loop:Collected 5 snapshots, 0 OPES kernels total
INFO:__main__:Iteration 497: loss=1.8090e+02, bke=1.8041e+02, boundary=4.8276e-01
INFO:__main__:  OPES: n_kernels=0, rct=-14.1346, ess=1.0000
INFO:committorch.training.protein_loop:Collected 5 snapshots, 0 OPES kernels total
INFO:__main__:Iteration 498: loss=1.8563e+02, bke=1.8515e+02, boundary=4.8264e-01
INFO:__main__:  OPES: n_kernels=0, rct=-14.1346, ess=1.0000
INFO:committorch.training.protein_loop:Collected 5 snapshots, 0 OPES kernels total
INFO:__main__:Iteration 499: loss=1.8344e+02, bke=1.8296e+02, boundary=4.8253e-01
INFO:__main__:  OPES: n_kernels=0, rct=-14.1346, ess=1.0000
INFO:committorch.training.protein_loop:Collected 5 snapshots, 0 OPES kernels total
INFO:__main__:Iteration 500: loss=1.8859e+02, bke=1.8811e+02, boundary=4.8241e-01
INFO:__main__:  OPES: n_kernels=0, rct=-14.1346, ess=1.0000
INFO:committorch.training.protein_loop:Collected 5 snapshots, 0 OPES kernels total
INFO:__main__:Iteration 501: loss=1.8959e+02, bke=1.8911e+02, boundary=4.8230e-01
INFO:__main__:  OPES: n_kernels=0, rct=-14.1346, ess=1.0000
INFO:committorch.training.protein_loop:Collected 5 snapshots, 0 OPES kernels total
INFO:__main__:Iteration 502: loss=1.9486e+02, bke=1.9438e+02, boundary=4.8218e-01
INFO:__main__:  OPES: n_kernels=0, rct=-14.1346, ess=1.0000
INFO:committorch.training.protein_loop:Collected 5 snapshots, 0 OPES kernels total
INFO:__main__:Iteration 503: loss=1.9777e+02, bke=1.9729e+02, boundary=4.8207e-01
INFO:__main__:  OPES: n_kernels=0, rct=-14.1346, ess=1.0000
INFO:committorch.training.protein_loop:Collected 5 snapshots, 0 OPES kernels total
INFO:__main__:Iteration 504: loss=1.9372e+02, bke=1.9324e+02, boundary=4.8195e-01
INFO:__main__:  OPES: n_kernels=0, rct=-14.1346, ess=1.0000
INFO:committorch.training.protein_loop:Collected 5 snapshots, 0 OPES kernels total
INFO:__main__:Iteration 505: loss=1.8963e+02, bke=1.8915e+02, boundary=4.8184e-01
INFO:__main__:  OPES: n_kernels=0, rct=-14.1346, ess=1.0000
INFO:committorch.training.protein_loop:Collected 5 snapshots, 0 OPES kernels total
INFO:__main__:Iteration 506: loss=2.0476e+02, bke=2.0428e+02, boundary=4.8172e-01
INFO:__main__:  OPES: n_kernels=0, rct=-14.1346, ess=1.0000
INFO:committorch.training.protein_loop:Collected 5 snapshots, 0 OPES kernels total
INFO:__main__:Iteration 507: loss=2.1491e+02, bke=2.1443e+02, boundary=4.8161e-01
INFO:__main__:  OPES: n_kernels=0, rct=-14.1346, ess=1.0000
INFO:committorch.training.protein_loop:Collected 5 snapshots, 0 OPES kernels total
INFO:__main__:Iteration 508: loss=2.1238e+02, bke=2.1190e+02, boundary=4.8149e-01
INFO:__main__:  OPES: n_kernels=0, rct=-14.1346, ess=1.0000
INFO:committorch.training.protein_loop:Collected 5 snapshots, 0 OPES kernels total
INFO:__main__:Iteration 509: loss=2.1588e+02, bke=2.1540e+02, boundary=4.8138e-01
INFO:__main__:  OPES: n_kernels=0, rct=-14.1346, ess=1.0000
INFO:committorch.training.protein_loop:Collected 5 snapshots, 0 OPES kernels total
INFO:__main__:Iteration 510: loss=2.1921e+02, bke=2.1873e+02, boundary=4.8127e-01
INFO:__main__:  OPES: n_kernels=0, rct=-14.1346, ess=1.0000
INFO:committorch.training.protein_loop:Collected 5 snapshots, 0 OPES kernels total
INFO:__main__:Iteration 511: loss=2.1782e+02, bke=2.1734e+02, boundary=4.8116e-01
INFO:__main__:  OPES: n_kernels=0, rct=-14.1346, ess=1.0000
INFO:committorch.training.protein_loop:Collected 5 snapshots, 0 OPES kernels total
INFO:__main__:Iteration 512: loss=2.0512e+02, bke=2.0464e+02, boundary=4.8107e-01
INFO:__main__:  OPES: n_kernels=0, rct=-14.1346, ess=1.0000
INFO:committorch.training.protein_loop:Collected 5 snapshots, 0 OPES kernels total
INFO:__main__:Iteration 513: loss=2.2549e+02, bke=2.2501e+02, boundary=4.8102e-01
INFO:__main__:  OPES: n_kernels=0, rct=-14.1346, ess=1.0000
INFO:committorch.training.protein_loop:Collected 5 snapshots, 0 OPES kernels total
INFO:__main__:Iteration 514: loss=2.2799e+02, bke=2.2751e+02, boundary=4.8107e-01
INFO:__main__:  OPES: n_kernels=0, rct=-14.1346, ess=1.0000
INFO:committorch.training.protein_loop:Collected 5 snapshots, 0 OPES kernels total
INFO:__main__:Iteration 515: loss=2.3224e+02, bke=2.3176e+02, boundary=4.8122e-01
INFO:__main__:  OPES: n_kernels=0, rct=-14.1346, ess=1.0000
INFO:committorch.training.protein_loop:Collected 5 snapshots, 0 OPES kernels total
INFO:__main__:Iteration 516: loss=2.2457e+02, bke=2.2408e+02, boundary=4.8111e-01
INFO:__main__:  OPES: n_kernels=0, rct=-14.1346, ess=1.0000
INFO:committorch.training.protein_loop:Collected 5 snapshots, 0 OPES kernels total
INFO:__main__:Iteration 517: loss=2.3508e+02, bke=2.3460e+02, boundary=4.8082e-01
INFO:__main__:  OPES: n_kernels=0, rct=-14.1346, ess=1.0000
INFO:committorch.training.protein_loop:Collected 5 snapshots, 0 OPES kernels total
INFO:__main__:Iteration 518: loss=2.1528e+02, bke=2.1480e+02, boundary=4.8037e-01
INFO:__main__:  OPES: n_kernels=0, rct=-14.1346, ess=1.0000
INFO:committorch.training.protein_loop:Collected 5 snapshots, 0 OPES kernels total
INFO:__main__:Iteration 519: loss=2.4654e+02, bke=2.4606e+02, boundary=4.8055e-01
INFO:__main__:  OPES: n_kernels=0, rct=-14.1346, ess=1.0000
INFO:committorch.training.protein_loop:Collected 5 snapshots, 0 OPES kernels total
INFO:__main__:Iteration 520: loss=2.5644e+02, bke=2.5596e+02, boundary=4.8028e-01
INFO:__main__:  OPES: n_kernels=0, rct=-14.1346, ess=1.0000
INFO:committorch.training.protein_loop:Collected 5 snapshots, 0 OPES kernels total
INFO:__main__:Iteration 521: loss=2.5738e+02, bke=2.5690e+02, boundary=4.8007e-01
INFO:__main__:  OPES: n_kernels=0, rct=-14.1346, ess=1.0000
INFO:committorch.training.protein_loop:Collected 5 snapshots, 0 OPES kernels total
INFO:__main__:Iteration 522: loss=2.5283e+02, bke=2.5235e+02, boundary=4.8013e-01
INFO:__main__:  OPES: n_kernels=0, rct=-14.1346, ess=1.0000
INFO:committorch.training.protein_loop:Collected 5 snapshots, 0 OPES kernels total
INFO:__main__:Iteration 523: loss=2.5679e+02, bke=2.5631e+02, boundary=4.7993e-01
INFO:__main__:  OPES: n_kernels=0, rct=-14.1346, ess=1.0000
INFO:committorch.training.protein_loop:Collected 5 snapshots, 0 OPES kernels total
INFO:__main__:Iteration 524: loss=2.6601e+02, bke=2.6553e+02, boundary=4.7976e-01
INFO:__main__:  OPES: n_kernels=0, rct=-14.1346, ess=1.0000
INFO:committorch.training.protein_loop:Collected 5 snapshots, 0 OPES kernels total
INFO:__main__:Iteration 525: loss=2.5946e+02, bke=2.5898e+02, boundary=4.7976e-01
INFO:__main__:  OPES: n_kernels=0, rct=-14.1346, ess=1.0000
INFO:committorch.training.protein_loop:Collected 5 snapshots, 0 OPES kernels total
INFO:__main__:Iteration 526: loss=2.5081e+02, bke=2.5033e+02, boundary=4.7960e-01
INFO:__main__:  OPES: n_kernels=0, rct=-14.1346, ess=1.0000
INFO:committorch.training.protein_loop:Collected 5 snapshots, 0 OPES kernels total
INFO:__main__:Iteration 527: loss=2.7057e+02, bke=2.7009e+02, boundary=4.7944e-01
INFO:__main__:  OPES: n_kernels=0, rct=-14.1346, ess=1.0000
INFO:committorch.training.protein_loop:Collected 5 snapshots, 0 OPES kernels total
INFO:__main__:Iteration 528: loss=2.7561e+02, bke=2.7513e+02, boundary=4.7950e-01
INFO:__main__:  OPES: n_kernels=0, rct=-14.1346, ess=1.0000
INFO:committorch.training.protein_loop:Collected 5 snapshots, 0 OPES kernels total
INFO:__main__:Iteration 529: loss=2.8327e+02, bke=2.8279e+02, boundary=4.7955e-01
INFO:__main__:  OPES: n_kernels=0, rct=-14.1346, ess=1.0000
INFO:committorch.training.protein_loop:Collected 5 snapshots, 0 OPES kernels total
INFO:__main__:Iteration 530: loss=2.6865e+02, bke=2.6817e+02, boundary=4.7919e-01
INFO:__main__:  OPES: n_kernels=0, rct=-14.1346, ess=1.0000
INFO:committorch.training.protein_loop:Collected 5 snapshots, 0 OPES kernels total
INFO:__main__:Iteration 531: loss=2.9399e+02, bke=2.9351e+02, boundary=4.7903e-01
INFO:__main__:  OPES: n_kernels=0, rct=-14.1346, ess=1.0000
INFO:committorch.training.protein_loop:Collected 5 snapshots, 0 OPES kernels total
INFO:__main__:Iteration 532: loss=3.0034e+02, bke=2.9987e+02, boundary=4.7897e-01
INFO:__main__:  OPES: n_kernels=0, rct=-14.1346, ess=1.0000
INFO:committorch.training.protein_loop:Collected 5 snapshots, 0 OPES kernels total
INFO:__main__:Iteration 533: loss=2.9816e+02, bke=2.9768e+02, boundary=4.7887e-01
INFO:__main__:  OPES: n_kernels=0, rct=-14.1346, ess=1.0000
INFO:committorch.training.protein_loop:Collected 5 snapshots, 0 OPES kernels total
INFO:__main__:Iteration 534: loss=3.0558e+02, bke=3.0510e+02, boundary=4.7878e-01
INFO:__main__:  OPES: n_kernels=0, rct=-14.1346, ess=1.0000
INFO:committorch.training.protein_loop:Collected 5 snapshots, 0 OPES kernels total
INFO:__main__:Iteration 535: loss=3.1072e+02, bke=3.1024e+02, boundary=4.7867e-01
INFO:__main__:  OPES: n_kernels=0, rct=-14.1346, ess=1.0000
INFO:committorch.training.protein_loop:Collected 5 snapshots, 0 OPES kernels total
INFO:__main__:Iteration 536: loss=3.0850e+02, bke=3.0802e+02, boundary=4.7853e-01
INFO:__main__:  OPES: n_kernels=0, rct=-14.1346, ess=1.0000
INFO:committorch.training.protein_loop:Collected 5 snapshots, 0 OPES kernels total
INFO:__main__:Iteration 537: loss=2.9880e+02, bke=2.9832e+02, boundary=4.7849e-01
INFO:__main__:  OPES: n_kernels=0, rct=-14.1346, ess=1.0000
INFO:committorch.training.protein_loop:Collected 5 snapshots, 0 OPES kernels total
INFO:__main__:Iteration 538: loss=3.1231e+02, bke=3.1183e+02, boundary=4.7860e-01
INFO:__main__:  OPES: n_kernels=0, rct=-14.1346, ess=1.0000
INFO:committorch.training.protein_loop:Collected 5 snapshots, 0 OPES kernels total
INFO:__main__:Iteration 539: loss=3.2889e+02, bke=3.2841e+02, boundary=4.7837e-01
INFO:__main__:  OPES: n_kernels=0, rct=-14.1346, ess=1.0000
INFO:committorch.training.protein_loop:Collected 5 snapshots, 0 OPES kernels total
INFO:__main__:Iteration 540: loss=3.2358e+02, bke=3.2310e+02, boundary=4.7817e-01
INFO:__main__:  OPES: n_kernels=0, rct=-14.1346, ess=1.0000
INFO:committorch.training.protein_loop:Collected 5 snapshots, 0 OPES kernels total
INFO:__main__:Iteration 541: loss=3.2469e+02, bke=3.2421e+02, boundary=4.7804e-01
INFO:__main__:  OPES: n_kernels=0, rct=-14.1346, ess=1.0000
INFO:committorch.training.protein_loop:Collected 5 snapshots, 0 OPES kernels total
INFO:__main__:Iteration 542: loss=3.0341e+02, bke=3.0293e+02, boundary=4.7794e-01
INFO:__main__:  OPES: n_kernels=0, rct=-14.1346, ess=1.0000
INFO:committorch.training.protein_loop:Collected 5 snapshots, 0 OPES kernels total
INFO:__main__:Iteration 543: loss=3.3490e+02, bke=3.3443e+02, boundary=4.7786e-01
INFO:__main__:  OPES: n_kernels=0, rct=-14.1346, ess=1.0000
INFO:committorch.training.protein_loop:Collected 5 snapshots, 0 OPES kernels total
INFO:__main__:Iteration 544: loss=3.2101e+02, bke=3.2053e+02, boundary=4.7775e-01
INFO:__main__:  OPES: n_kernels=0, rct=-14.1346, ess=1.0000
INFO:committorch.training.protein_loop:Collected 5 snapshots, 0 OPES kernels total
INFO:__main__:Iteration 545: loss=3.4311e+02, bke=3.4263e+02, boundary=4.7773e-01
INFO:__main__:  OPES: n_kernels=0, rct=-14.1346, ess=1.0000
INFO:committorch.training.protein_loop:Collected 5 snapshots, 0 OPES kernels total
INFO:__main__:Iteration 546: loss=3.4875e+02, bke=3.4827e+02, boundary=4.7763e-01
INFO:__main__:  OPES: n_kernels=0, rct=-14.1346, ess=1.0000
INFO:committorch.training.protein_loop:Collected 5 snapshots, 0 OPES kernels total
INFO:__main__:Iteration 547: loss=3.4698e+02, bke=3.4650e+02, boundary=4.7757e-01
INFO:__main__:  OPES: n_kernels=0, rct=-14.1346, ess=1.0000
INFO:committorch.training.protein_loop:Collected 5 snapshots, 0 OPES kernels total
INFO:__main__:Iteration 548: loss=3.5771e+02, bke=3.5723e+02, boundary=4.7737e-01
INFO:__main__:  OPES: n_kernels=0, rct=-14.1346, ess=1.0000
INFO:committorch.training.protein_loop:Collected 5 snapshots, 0 OPES kernels total
INFO:__main__:Iteration 549: loss=3.4754e+02, bke=3.4706e+02, boundary=4.7730e-01
INFO:__main__:  OPES: n_kernels=0, rct=-14.1346, ess=1.0000
INFO:committorch.training.protein_loop:Collected 5 snapshots, 0 OPES kernels total
INFO:__main__:Iteration 550: loss=3.6896e+02, bke=3.6848e+02, boundary=4.7727e-01
INFO:__main__:  OPES: n_kernels=0, rct=-14.1346, ess=1.0000
INFO:committorch.training.protein_loop:Collected 5 snapshots, 0 OPES kernels total
INFO:__main__:Iteration 551: loss=3.6383e+02, bke=3.6335e+02, boundary=4.7709e-01
INFO:__main__:  OPES: n_kernels=0, rct=-14.1346, ess=1.0000
INFO:committorch.training.protein_loop:Collected 5 snapshots, 0 OPES kernels total
INFO:__main__:Iteration 552: loss=3.8612e+02, bke=3.8564e+02, boundary=4.7699e-01
INFO:__main__:  OPES: n_kernels=0, rct=-14.1346, ess=1.0000
INFO:committorch.training.protein_loop:Collected 5 snapshots, 0 OPES kernels total
INFO:__main__:Iteration 553: loss=3.3943e+02, bke=3.3896e+02, boundary=4.7695e-01
INFO:__main__:  OPES: n_kernels=0, rct=-14.1346, ess=1.0000
INFO:committorch.training.protein_loop:Collected 5 snapshots, 0 OPES kernels total
INFO:__main__:Iteration 554: loss=3.6400e+02, bke=3.6353e+02, boundary=4.7686e-01
INFO:__main__:  OPES: n_kernels=0, rct=-14.1346, ess=1.0000
INFO:committorch.training.protein_loop:Collected 5 snapshots, 0 OPES kernels total
INFO:__main__:Iteration 555: loss=3.8191e+02, bke=3.8144e+02, boundary=4.7671e-01
INFO:__main__:  OPES: n_kernels=0, rct=-14.1346, ess=1.0000
INFO:committorch.training.protein_loop:Collected 5 snapshots, 0 OPES kernels total
INFO:__main__:Iteration 556: loss=3.6528e+02, bke=3.6480e+02, boundary=4.7661e-01
INFO:__main__:  OPES: n_kernels=0, rct=-14.1346, ess=1.0000
INFO:committorch.training.protein_loop:Collected 5 snapshots, 0 OPES kernels total
INFO:__main__:Iteration 557: loss=3.9638e+02, bke=3.9591e+02, boundary=4.7662e-01
INFO:__main__:  OPES: n_kernels=0, rct=-14.1346, ess=1.0000
INFO:committorch.training.protein_loop:Collected 5 snapshots, 0 OPES kernels total
INFO:__main__:Iteration 558: loss=3.9552e+02, bke=3.9504e+02, boundary=4.7697e-01
INFO:__main__:  OPES: n_kernels=0, rct=-14.1346, ess=1.0000
INFO:committorch.training.protein_loop:Collected 5 snapshots, 0 OPES kernels total
INFO:__main__:Iteration 559: loss=3.4398e+02, bke=3.4350e+02, boundary=4.7843e-01
INFO:__main__:  OPES: n_kernels=0, rct=-14.1346, ess=1.0000
INFO:committorch.training.protein_loop:Collected 5 snapshots, 0 OPES kernels total
INFO:__main__:Iteration 560: loss=3.6322e+02, bke=3.6274e+02, boundary=4.7680e-01
INFO:__main__:  OPES: n_kernels=0, rct=-14.1346, ess=1.0000
INFO:committorch.training.protein_loop:Collected 5 snapshots, 0 OPES kernels total
INFO:__main__:Iteration 561: loss=4.0332e+02, bke=4.0285e+02, boundary=4.7633e-01
INFO:__main__:  OPES: n_kernels=0, rct=-14.1346, ess=1.0000
INFO:committorch.training.protein_loop:Collected 5 snapshots, 0 OPES kernels total
INFO:__main__:Iteration 562: loss=4.1530e+02, bke=4.1483e+02, boundary=4.7687e-01
INFO:__main__:  OPES: n_kernels=0, rct=-14.1346, ess=1.0000
INFO:committorch.training.protein_loop:Collected 5 snapshots, 0 OPES kernels total
INFO:__main__:Iteration 563: loss=4.1274e+02, bke=4.1226e+02, boundary=4.7608e-01
INFO:__main__:  OPES: n_kernels=0, rct=-14.1346, ess=1.0000
INFO:committorch.training.protein_loop:Collected 5 snapshots, 0 OPES kernels total
INFO:__main__:Iteration 564: loss=4.2532e+02, bke=4.2484e+02, boundary=4.7636e-01
INFO:__main__:  OPES: n_kernels=0, rct=-14.1346, ess=1.0000
INFO:committorch.training.protein_loop:Collected 5 snapshots, 0 OPES kernels total
INFO:__main__:Iteration 565: loss=4.4328e+02, bke=4.4280e+02, boundary=4.7611e-01
INFO:__main__:  OPES: n_kernels=0, rct=-14.1346, ess=1.0000
INFO:committorch.training.protein_loop:Collected 5 snapshots, 0 OPES kernels total
INFO:__main__:Iteration 566: loss=4.1758e+02, bke=4.1711e+02, boundary=4.7592e-01
INFO:__main__:  OPES: n_kernels=0, rct=-14.1346, ess=1.0000
INFO:committorch.training.protein_loop:Collected 5 snapshots, 0 OPES kernels total
INFO:__main__:Iteration 567: loss=4.1378e+02, bke=4.1330e+02, boundary=4.7593e-01
INFO:__main__:  OPES: n_kernels=0, rct=-14.1346, ess=1.0000
INFO:committorch.training.protein_loop:Collected 5 snapshots, 0 OPES kernels total
INFO:__main__:Iteration 568: loss=4.3413e+02, bke=4.3365e+02, boundary=4.7563e-01
INFO:__main__:  OPES: n_kernels=0, rct=-14.1346, ess=1.0000
INFO:committorch.training.protein_loop:Collected 5 snapshots, 0 OPES kernels total
INFO:__main__:Iteration 569: loss=4.3198e+02, bke=4.3150e+02, boundary=4.7576e-01
INFO:__main__:  OPES: n_kernels=0, rct=-14.1346, ess=1.0000
INFO:committorch.training.protein_loop:Collected 5 snapshots, 0 OPES kernels total
INFO:__main__:Iteration 570: loss=4.3195e+02, bke=4.3147e+02, boundary=4.7545e-01
INFO:__main__:  OPES: n_kernels=0, rct=-14.1346, ess=1.0000
INFO:committorch.training.protein_loop:Collected 5 snapshots, 0 OPES kernels total
INFO:__main__:Iteration 571: loss=4.3689e+02, bke=4.3641e+02, boundary=4.7559e-01
INFO:__main__:  OPES: n_kernels=0, rct=-14.1346, ess=1.0000
INFO:committorch.training.protein_loop:Collected 5 snapshots, 0 OPES kernels total
INFO:__main__:Iteration 572: loss=4.4694e+02, bke=4.4647e+02, boundary=4.7544e-01
INFO:__main__:  OPES: n_kernels=0, rct=-14.1346, ess=1.0000
INFO:committorch.training.protein_loop:Collected 5 snapshots, 0 OPES kernels total
INFO:__main__:Iteration 573: loss=4.4057e+02, bke=4.4010e+02, boundary=4.7525e-01
INFO:__main__:  OPES: n_kernels=0, rct=-14.1346, ess=1.0000
INFO:committorch.training.protein_loop:Collected 5 snapshots, 0 OPES kernels total
INFO:__main__:Iteration 574: loss=4.4878e+02, bke=4.4830e+02, boundary=4.7534e-01
INFO:__main__:  OPES: n_kernels=0, rct=-14.1346, ess=1.0000
INFO:committorch.training.protein_loop:Collected 5 snapshots, 0 OPES kernels total
INFO:__main__:Iteration 575: loss=4.2607e+02, bke=4.2559e+02, boundary=4.7503e-01
INFO:__main__:  OPES: n_kernels=0, rct=-14.1346, ess=1.0000
INFO:committorch.training.protein_loop:Collected 5 snapshots, 0 OPES kernels total
INFO:__main__:Iteration 576: loss=4.5014e+02, bke=4.4966e+02, boundary=4.7523e-01
INFO:__main__:  OPES: n_kernels=0, rct=-14.1346, ess=1.0000
INFO:committorch.training.protein_loop:Collected 5 snapshots, 0 OPES kernels total
INFO:__main__:Iteration 577: loss=4.8888e+02, bke=4.8841e+02, boundary=4.7507e-01
INFO:__main__:  OPES: n_kernels=0, rct=-14.1346, ess=1.0000
INFO:committorch.training.protein_loop:Collected 5 snapshots, 0 OPES kernels total
INFO:__main__:Iteration 578: loss=4.7890e+02, bke=4.7843e+02, boundary=4.7487e-01
INFO:__main__:  OPES: n_kernels=0, rct=-14.1346, ess=1.0000
INFO:committorch.training.protein_loop:Collected 5 snapshots, 0 OPES kernels total
INFO:__main__:Iteration 579: loss=4.6904e+02, bke=4.6857e+02, boundary=4.7473e-01
INFO:__main__:  OPES: n_kernels=0, rct=-14.1346, ess=1.0000
INFO:committorch.training.protein_loop:Collected 5 snapshots, 0 OPES kernels total
INFO:__main__:Iteration 580: loss=4.7182e+02, bke=4.7135e+02, boundary=4.7482e-01
INFO:__main__:  OPES: n_kernels=0, rct=-14.1346, ess=1.0000
INFO:committorch.training.protein_loop:Collected 5 snapshots, 0 OPES kernels total
INFO:__main__:Iteration 581: loss=4.8097e+02, bke=4.8050e+02, boundary=4.7459e-01
INFO:__main__:  OPES: n_kernels=0, rct=-14.1346, ess=1.0000
INFO:committorch.training.protein_loop:Collected 5 snapshots, 0 OPES kernels total
INFO:__main__:Iteration 582: loss=4.6485e+02, bke=4.6438e+02, boundary=4.7450e-01
INFO:__main__:  OPES: n_kernels=0, rct=-14.1346, ess=1.0000
INFO:committorch.training.protein_loop:Collected 5 snapshots, 0 OPES kernels total
INFO:__main__:Iteration 583: loss=4.6131e+02, bke=4.6083e+02, boundary=4.7445e-01
INFO:__main__:  OPES: n_kernels=0, rct=-14.1346, ess=1.0000
INFO:committorch.training.protein_loop:Collected 5 snapshots, 0 OPES kernels total
INFO:__main__:Iteration 584: loss=5.1812e+02, bke=5.1765e+02, boundary=4.7435e-01
INFO:__main__:  OPES: n_kernels=0, rct=-14.1346, ess=1.0000
INFO:committorch.training.protein_loop:Collected 5 snapshots, 0 OPES kernels total
INFO:__main__:Iteration 585: loss=4.9649e+02, bke=4.9602e+02, boundary=4.7429e-01
INFO:__main__:  OPES: n_kernels=0, rct=-14.1346, ess=1.0000
INFO:committorch.training.protein_loop:Collected 5 snapshots, 0 OPES kernels total
INFO:__main__:Iteration 586: loss=4.9288e+02, bke=4.9241e+02, boundary=4.7420e-01
INFO:__main__:  OPES: n_kernels=0, rct=-14.1346, ess=1.0000
INFO:committorch.training.protein_loop:Collected 5 snapshots, 0 OPES kernels total
INFO:__main__:Iteration 587: loss=4.8482e+02, bke=4.8434e+02, boundary=4.7412e-01
INFO:__main__:  OPES: n_kernels=0, rct=-14.1346, ess=1.0000
INFO:committorch.training.protein_loop:Collected 5 snapshots, 0 OPES kernels total
INFO:__main__:Iteration 588: loss=5.1214e+02, bke=5.1166e+02, boundary=4.7405e-01
INFO:__main__:  OPES: n_kernels=0, rct=-14.1346, ess=1.0000
INFO:committorch.training.protein_loop:Collected 5 snapshots, 0 OPES kernels total
INFO:__main__:Iteration 589: loss=5.3869e+02, bke=5.3822e+02, boundary=4.7395e-01
INFO:__main__:  OPES: n_kernels=0, rct=-14.1346, ess=1.0000
INFO:committorch.training.protein_loop:Collected 5 snapshots, 0 OPES kernels total
INFO:__main__:Iteration 590: loss=5.2397e+02, bke=5.2349e+02, boundary=4.7388e-01
INFO:__main__:  OPES: n_kernels=0, rct=-14.1346, ess=1.0000
INFO:committorch.training.protein_loop:Collected 5 snapshots, 0 OPES kernels total
INFO:__main__:Iteration 591: loss=5.3367e+02, bke=5.3320e+02, boundary=4.7385e-01
INFO:__main__:  OPES: n_kernels=0, rct=-14.1346, ess=1.0000
INFO:committorch.training.protein_loop:Collected 5 snapshots, 0 OPES kernels total
INFO:__main__:Iteration 592: loss=5.2275e+02, bke=5.2227e+02, boundary=4.7376e-01
INFO:__main__:  OPES: n_kernels=0, rct=-14.1346, ess=1.0000
INFO:committorch.training.protein_loop:Collected 5 snapshots, 0 OPES kernels total
INFO:__main__:Iteration 593: loss=5.4299e+02, bke=5.4251e+02, boundary=4.7368e-01
INFO:__main__:  OPES: n_kernels=0, rct=-14.1346, ess=1.0000
INFO:committorch.training.protein_loop:Collected 5 snapshots, 0 OPES kernels total
INFO:__main__:Iteration 594: loss=5.4292e+02, bke=5.4244e+02, boundary=4.7365e-01
INFO:__main__:  OPES: n_kernels=0, rct=-14.1346, ess=1.0000
INFO:committorch.training.protein_loop:Collected 5 snapshots, 0 OPES kernels total
INFO:__main__:Iteration 595: loss=5.6771e+02, bke=5.6724e+02, boundary=4.7353e-01
INFO:__main__:  OPES: n_kernels=0, rct=-14.1346, ess=1.0000
INFO:committorch.training.protein_loop:Collected 5 snapshots, 0 OPES kernels total
INFO:__main__:Iteration 596: loss=5.5962e+02, bke=5.5915e+02, boundary=4.7343e-01
INFO:__main__:  OPES: n_kernels=0, rct=-14.1346, ess=1.0000
INFO:committorch.training.protein_loop:Collected 5 snapshots, 0 OPES kernels total
INFO:__main__:Iteration 597: loss=5.5943e+02, bke=5.5896e+02, boundary=4.7340e-01
INFO:__main__:  OPES: n_kernels=0, rct=-14.1346, ess=1.0000
INFO:committorch.training.protein_loop:Collected 5 snapshots, 0 OPES kernels total
INFO:__main__:Iteration 598: loss=5.4715e+02, bke=5.4668e+02, boundary=4.7336e-01
INFO:__main__:  OPES: n_kernels=0, rct=-14.1346, ess=1.0000
INFO:committorch.training.protein_loop:Collected 5 snapshots, 0 OPES kernels total
INFO:__main__:Iteration 599: loss=5.3659e+02, bke=5.3612e+02, boundary=4.7325e-01
INFO:__main__:  OPES: n_kernels=0, rct=-14.1346, ess=1.0000
INFO:committorch.training.protein_loop:Collected 5 snapshots, 0 OPES kernels total
INFO:__main__:Iteration 600: loss=5.7249e+02, bke=5.7201e+02, boundary=4.7314e-01
INFO:__main__:  OPES: n_kernels=0, rct=-14.1346, ess=1.0000
INFO:committorch.training.protein_loop:Collected 5 snapshots, 0 OPES kernels total
INFO:__main__:Iteration 601: loss=5.8673e+02, bke=5.8626e+02, boundary=4.7307e-01
INFO:__main__:  OPES: n_kernels=0, rct=-14.1346, ess=1.0000
INFO:committorch.training.protein_loop:Collected 5 snapshots, 0 OPES kernels total
INFO:__main__:Iteration 602: loss=5.5392e+02, bke=5.5344e+02, boundary=4.7308e-01
INFO:__main__:  OPES: n_kernels=0, rct=-14.1346, ess=1.0000
INFO:committorch.training.protein_loop:Collected 5 snapshots, 0 OPES kernels total
INFO:__main__:Iteration 603: loss=5.5262e+02, bke=5.5215e+02, boundary=4.7297e-01
INFO:__main__:  OPES: n_kernels=0, rct=-14.1346, ess=1.0000
INFO:committorch.training.protein_loop:Collected 5 snapshots, 0 OPES kernels total
INFO:__main__:Iteration 604: loss=6.0522e+02, bke=6.0475e+02, boundary=4.7288e-01
INFO:__main__:  OPES: n_kernels=0, rct=-14.1346, ess=1.0000
INFO:committorch.training.protein_loop:Collected 5 snapshots, 0 OPES kernels total
INFO:__main__:Iteration 605: loss=6.1161e+02, bke=6.1114e+02, boundary=4.7282e-01
INFO:__main__:  OPES: n_kernels=0, rct=-14.1346, ess=1.0000
INFO:committorch.training.protein_loop:Collected 5 snapshots, 0 OPES kernels total
INFO:__main__:Iteration 606: loss=5.8513e+02, bke=5.8466e+02, boundary=4.7274e-01
INFO:__main__:  OPES: n_kernels=0, rct=-14.1346, ess=1.0000
INFO:committorch.training.protein_loop:Collected 5 snapshots, 0 OPES kernels total
INFO:__main__:Iteration 607: loss=6.1109e+02, bke=6.1062e+02, boundary=4.7265e-01
INFO:__main__:  OPES: n_kernels=0, rct=-14.1346, ess=1.0000
INFO:committorch.training.protein_loop:Collected 5 snapshots, 0 OPES kernels total
INFO:__main__:Iteration 608: loss=6.2207e+02, bke=6.2160e+02, boundary=4.7260e-01
INFO:__main__:  OPES: n_kernels=0, rct=-14.1346, ess=1.0000
INFO:committorch.training.protein_loop:Collected 5 snapshots, 0 OPES kernels total
INFO:__main__:Iteration 609: loss=6.2137e+02, bke=6.2089e+02, boundary=4.7255e-01
INFO:__main__:  OPES: n_kernels=0, rct=-14.1346, ess=1.0000
INFO:committorch.training.protein_loop:Collected 5 snapshots, 0 OPES kernels total
INFO:__main__:Iteration 610: loss=6.0973e+02, bke=6.0925e+02, boundary=4.7247e-01
INFO:__main__:  OPES: n_kernels=0, rct=-14.1346, ess=1.0000
INFO:committorch.training.protein_loop:Collected 5 snapshots, 0 OPES kernels total
INFO:__main__:Iteration 611: loss=6.0124e+02, bke=6.0077e+02, boundary=4.7237e-01
INFO:__main__:  OPES: n_kernels=0, rct=-14.1346, ess=1.0000
INFO:committorch.training.protein_loop:Collected 5 snapshots, 0 OPES kernels total
INFO:__main__:Iteration 612: loss=6.0972e+02, bke=6.0925e+02, boundary=4.7231e-01
INFO:__main__:  OPES: n_kernels=0, rct=-14.1346, ess=1.0000
INFO:committorch.training.protein_loop:Collected 5 snapshots, 0 OPES kernels total
INFO:__main__:Iteration 613: loss=6.4496e+02, bke=6.4449e+02, boundary=4.7224e-01
INFO:__main__:  OPES: n_kernels=0, rct=-14.1346, ess=1.0000
INFO:committorch.training.protein_loop:Collected 5 snapshots, 0 OPES kernels total
INFO:__main__:Iteration 614: loss=6.2152e+02, bke=6.2105e+02, boundary=4.7222e-01
INFO:__main__:  OPES: n_kernels=0, rct=-14.1346, ess=1.0000
INFO:committorch.training.protein_loop:Collected 5 snapshots, 0 OPES kernels total
INFO:__main__:Iteration 615: loss=6.5880e+02, bke=6.5833e+02, boundary=4.7212e-01
INFO:__main__:  OPES: n_kernels=0, rct=-14.1346, ess=1.0000
INFO:committorch.training.protein_loop:Collected 5 snapshots, 0 OPES kernels total
INFO:__main__:Iteration 616: loss=6.3169e+02, bke=6.3122e+02, boundary=4.7201e-01
INFO:__main__:  OPES: n_kernels=0, rct=-14.1346, ess=1.0000
INFO:committorch.training.protein_loop:Collected 5 snapshots, 0 OPES kernels total
INFO:__main__:Iteration 617: loss=5.8548e+02, bke=5.8501e+02, boundary=4.7193e-01
INFO:__main__:  OPES: n_kernels=0, rct=-14.1346, ess=1.0000
INFO:committorch.training.protein_loop:Collected 5 snapshots, 0 OPES kernels total
INFO:__main__:Iteration 618: loss=6.4944e+02, bke=6.4897e+02, boundary=4.7199e-01
INFO:__main__:  OPES: n_kernels=0, rct=-14.1346, ess=1.0000
INFO:committorch.training.protein_loop:Collected 5 snapshots, 0 OPES kernels total
INFO:__main__:Iteration 619: loss=6.6721e+02, bke=6.6674e+02, boundary=4.7219e-01
INFO:__main__:  OPES: n_kernels=0, rct=-14.1346, ess=1.0000
INFO:committorch.training.protein_loop:Collected 5 snapshots, 0 OPES kernels total
INFO:__main__:Iteration 620: loss=6.6807e+02, bke=6.6760e+02, boundary=4.7207e-01
INFO:__main__:  OPES: n_kernels=0, rct=-14.1346, ess=1.0000
INFO:committorch.training.protein_loop:Collected 5 snapshots, 0 OPES kernels total
INFO:__main__:Iteration 621: loss=6.8374e+02, bke=6.8327e+02, boundary=4.7193e-01
INFO:__main__:  OPES: n_kernels=0, rct=-14.1346, ess=1.0000
INFO:committorch.training.protein_loop:Collected 5 snapshots, 0 OPES kernels total
INFO:__main__:Iteration 622: loss=6.9864e+02, bke=6.9817e+02, boundary=4.7165e-01
INFO:__main__:  OPES: n_kernels=0, rct=-14.1346, ess=1.0000
INFO:committorch.training.protein_loop:Collected 5 snapshots, 0 OPES kernels total
INFO:__main__:Iteration 623: loss=6.2914e+02, bke=6.2867e+02, boundary=4.7179e-01
INFO:__main__:  OPES: n_kernels=0, rct=-14.1346, ess=1.0000
INFO:committorch.training.protein_loop:Collected 5 snapshots, 0 OPES kernels total
INFO:__main__:Iteration 624: loss=6.3284e+02, bke=6.3237e+02, boundary=4.7169e-01
INFO:__main__:  OPES: n_kernels=0, rct=-14.1346, ess=1.0000
INFO:committorch.training.protein_loop:Collected 5 snapshots, 0 OPES kernels total
INFO:__main__:Iteration 625: loss=7.0975e+02, bke=7.0928e+02, boundary=4.7143e-01
INFO:__main__:  OPES: n_kernels=0, rct=-14.1346, ess=1.0000
INFO:committorch.training.protein_loop:Collected 5 snapshots, 0 OPES kernels total
INFO:__main__:Iteration 626: loss=6.6613e+02, bke=6.6566e+02, boundary=4.7142e-01
INFO:__main__:  OPES: n_kernels=0, rct=-14.1346, ess=1.0000
INFO:committorch.training.protein_loop:Collected 5 snapshots, 0 OPES kernels total
INFO:__main__:Iteration 627: loss=7.0214e+02, bke=7.0167e+02, boundary=4.7140e-01
INFO:__main__:  OPES: n_kernels=0, rct=-14.1346, ess=1.0000
INFO:committorch.training.protein_loop:Collected 5 snapshots, 0 OPES kernels total
INFO:__main__:Iteration 628: loss=7.1835e+02, bke=7.1788e+02, boundary=4.7138e-01
INFO:__main__:  OPES: n_kernels=0, rct=-14.1346, ess=1.0000
INFO:committorch.training.protein_loop:Collected 5 snapshots, 0 OPES kernels total
INFO:__main__:Iteration 629: loss=7.2461e+02, bke=7.2414e+02, boundary=4.7115e-01
INFO:__main__:  OPES: n_kernels=0, rct=-14.1346, ess=1.0000
INFO:committorch.training.protein_loop:Collected 5 snapshots, 0 OPES kernels total
INFO:__main__:Iteration 630: loss=7.3329e+02, bke=7.3282e+02, boundary=4.7127e-01
INFO:__main__:  OPES: n_kernels=0, rct=-14.1346, ess=1.0000
INFO:committorch.training.protein_loop:Collected 5 snapshots, 0 OPES kernels total
INFO:__main__:Iteration 631: loss=7.1090e+02, bke=7.1042e+02, boundary=4.7154e-01
INFO:__main__:  OPES: n_kernels=0, rct=-14.1346, ess=1.0000
INFO:committorch.training.protein_loop:Collected 5 snapshots, 0 OPES kernels total
INFO:__main__:Iteration 632: loss=7.0538e+02, bke=7.0491e+02, boundary=4.7114e-01
INFO:__main__:  OPES: n_kernels=0, rct=-14.1346, ess=1.0000
INFO:committorch.training.protein_loop:Collected 5 snapshots, 0 OPES kernels total
INFO:__main__:Iteration 633: loss=7.1446e+02, bke=7.1399e+02, boundary=4.7096e-01
INFO:__main__:  OPES: n_kernels=0, rct=-14.1346, ess=1.0000
INFO:committorch.training.protein_loop:Collected 5 snapshots, 0 OPES kernels total
INFO:__main__:Iteration 634: loss=7.3887e+02, bke=7.3840e+02, boundary=4.7126e-01
INFO:__main__:  OPES: n_kernels=0, rct=-14.1346, ess=1.0000
INFO:committorch.training.protein_loop:Collected 5 snapshots, 0 OPES kernels total
INFO:__main__:Iteration 635: loss=7.5270e+02, bke=7.5223e+02, boundary=4.7106e-01
INFO:__main__:  OPES: n_kernels=0, rct=-14.1346, ess=1.0000
INFO:committorch.training.protein_loop:Collected 5 snapshots, 0 OPES kernels total
INFO:__main__:Iteration 636: loss=7.6101e+02, bke=7.6054e+02, boundary=4.7073e-01
INFO:__main__:  OPES: n_kernels=0, rct=-14.1346, ess=1.0000
INFO:committorch.training.protein_loop:Collected 5 snapshots, 0 OPES kernels total
INFO:__main__:Iteration 637: loss=7.4071e+02, bke=7.4024e+02, boundary=4.7072e-01
INFO:__main__:  OPES: n_kernels=0, rct=-14.1346, ess=1.0000
INFO:committorch.training.protein_loop:Collected 5 snapshots, 0 OPES kernels total
INFO:__main__:Iteration 638: loss=7.1040e+02, bke=7.0992e+02, boundary=4.7079e-01
INFO:__main__:  OPES: n_kernels=0, rct=-14.1346, ess=1.0000
INFO:committorch.training.protein_loop:Collected 5 snapshots, 0 OPES kernels total
INFO:__main__:Iteration 639: loss=7.6818e+02, bke=7.6771e+02, boundary=4.7076e-01
INFO:__main__:  OPES: n_kernels=0, rct=-14.1346, ess=1.0000
INFO:committorch.training.protein_loop:Collected 5 snapshots, 0 OPES kernels total
INFO:__main__:Iteration 640: loss=7.2720e+02, bke=7.2673e+02, boundary=4.7056e-01
INFO:__main__:  OPES: n_kernels=0, rct=-14.1346, ess=1.0000
INFO:committorch.training.protein_loop:Collected 5 snapshots, 0 OPES kernels total
INFO:__main__:Iteration 641: loss=7.9053e+02, bke=7.9006e+02, boundary=4.7045e-01
INFO:__main__:  OPES: n_kernels=0, rct=-14.1346, ess=1.0000
INFO:committorch.training.protein_loop:Collected 5 snapshots, 0 OPES kernels total
INFO:__main__:Iteration 642: loss=7.7226e+02, bke=7.7179e+02, boundary=4.7055e-01
INFO:__main__:  OPES: n_kernels=0, rct=-14.1346, ess=1.0000
INFO:committorch.training.protein_loop:Collected 5 snapshots, 0 OPES kernels total
INFO:__main__:Iteration 643: loss=7.8512e+02, bke=7.8465e+02, boundary=4.7048e-01
INFO:__main__:  OPES: n_kernels=0, rct=-14.1346, ess=1.0000
INFO:committorch.training.protein_loop:Collected 5 snapshots, 0 OPES kernels total
INFO:__main__:Iteration 644: loss=7.9243e+02, bke=7.9196e+02, boundary=4.7028e-01
INFO:__main__:  OPES: n_kernels=0, rct=-14.1346, ess=1.0000
INFO:committorch.training.protein_loop:Collected 5 snapshots, 0 OPES kernels total
INFO:__main__:Iteration 645: loss=8.1811e+02, bke=8.1764e+02, boundary=4.7021e-01
INFO:__main__:  OPES: n_kernels=0, rct=-14.1346, ess=1.0000
INFO:committorch.training.protein_loop:Collected 5 snapshots, 0 OPES kernels total
INFO:__main__:Iteration 646: loss=7.7453e+02, bke=7.7406e+02, boundary=4.7031e-01
INFO:__main__:  OPES: n_kernels=0, rct=-14.1346, ess=1.0000
INFO:committorch.training.protein_loop:Collected 5 snapshots, 0 OPES kernels total
INFO:__main__:Iteration 647: loss=7.2121e+02, bke=7.2074e+02, boundary=4.7031e-01
INFO:__main__:  OPES: n_kernels=0, rct=-14.1346, ess=1.0000
INFO:committorch.training.protein_loop:Collected 5 snapshots, 0 OPES kernels total
INFO:__main__:Iteration 648: loss=8.2171e+02, bke=8.2124e+02, boundary=4.7014e-01
INFO:__main__:  OPES: n_kernels=0, rct=-14.1346, ess=1.0000
INFO:committorch.training.protein_loop:Collected 5 snapshots, 0 OPES kernels total
INFO:__main__:Iteration 649: loss=7.5791e+02, bke=7.5744e+02, boundary=4.6998e-01
INFO:__main__:  OPES: n_kernels=0, rct=-14.1346, ess=1.0000
INFO:committorch.training.protein_loop:Collected 5 snapshots, 0 OPES kernels total
INFO:__main__:Iteration 650: loss=7.9712e+02, bke=7.9665e+02, boundary=4.7002e-01
INFO:__main__:  OPES: n_kernels=0, rct=-14.1346, ess=1.0000
INFO:committorch.training.protein_loop:Collected 5 snapshots, 0 OPES kernels total
INFO:__main__:Iteration 651: loss=8.3172e+02, bke=8.3124e+02, boundary=4.7014e-01
INFO:__main__:  OPES: n_kernels=0, rct=-14.1346, ess=1.0000
INFO:committorch.training.protein_loop:Collected 5 snapshots, 0 OPES kernels total
INFO:__main__:Iteration 652: loss=8.1506e+02, bke=8.1459e+02, boundary=4.6998e-01
INFO:__main__:  OPES: n_kernels=0, rct=-14.1346, ess=1.0000
INFO:committorch.training.protein_loop:Collected 5 snapshots, 0 OPES kernels total
INFO:__main__:Iteration 653: loss=8.1188e+02, bke=8.1141e+02, boundary=4.6977e-01
INFO:__main__:  OPES: n_kernels=0, rct=-14.1346, ess=1.0000
INFO:committorch.training.protein_loop:Collected 5 snapshots, 0 OPES kernels total
INFO:__main__:Iteration 654: loss=8.4569e+02, bke=8.4522e+02, boundary=4.6979e-01
INFO:__main__:  OPES: n_kernels=0, rct=-14.1346, ess=1.0000
INFO:committorch.training.protein_loop:Collected 5 snapshots, 0 OPES kernels total
INFO:__main__:Iteration 655: loss=8.6126e+02, bke=8.6079e+02, boundary=4.6991e-01
INFO:__main__:  OPES: n_kernels=0, rct=-14.1346, ess=1.0000
INFO:committorch.training.protein_loop:Collected 5 snapshots, 0 OPES kernels total
INFO:__main__:Iteration 656: loss=8.6064e+02, bke=8.6017e+02, boundary=4.6977e-01
INFO:__main__:  OPES: n_kernels=0, rct=-14.1346, ess=1.0000
INFO:committorch.training.protein_loop:Collected 5 snapshots, 0 OPES kernels total
INFO:__main__:Iteration 657: loss=7.9355e+02, bke=7.9308e+02, boundary=4.6964e-01
INFO:__main__:  OPES: n_kernels=0, rct=-14.1346, ess=1.0000
INFO:committorch.training.protein_loop:Collected 5 snapshots, 0 OPES kernels total
INFO:__main__:Iteration 658: loss=8.4447e+02, bke=8.4400e+02, boundary=4.6954e-01
INFO:__main__:  OPES: n_kernels=0, rct=-14.1346, ess=1.0000
INFO:committorch.training.protein_loop:Collected 5 snapshots, 0 OPES kernels total
INFO:__main__:Iteration 659: loss=8.5875e+02, bke=8.5828e+02, boundary=4.6962e-01
INFO:__main__:  OPES: n_kernels=0, rct=-14.1346, ess=1.0000
INFO:committorch.training.protein_loop:Collected 5 snapshots, 0 OPES kernels total
INFO:__main__:Iteration 660: loss=8.8861e+02, bke=8.8814e+02, boundary=4.6953e-01
INFO:__main__:  OPES: n_kernels=0, rct=-14.1346, ess=1.0000
INFO:committorch.training.protein_loop:Collected 5 snapshots, 0 OPES kernels total
INFO:__main__:Iteration 661: loss=8.8207e+02, bke=8.8160e+02, boundary=4.6937e-01
INFO:__main__:  OPES: n_kernels=0, rct=-14.1346, ess=1.0000
INFO:committorch.training.protein_loop:Collected 5 snapshots, 0 OPES kernels total
INFO:__main__:Iteration 662: loss=8.4783e+02, bke=8.4736e+02, boundary=4.6944e-01
INFO:__main__:  OPES: n_kernels=0, rct=-14.1346, ess=1.0000
INFO:committorch.training.protein_loop:Collected 5 snapshots, 0 OPES kernels total
INFO:__main__:Iteration 663: loss=8.2894e+02, bke=8.2847e+02, boundary=4.6944e-01
INFO:__main__:  OPES: n_kernels=0, rct=-14.1346, ess=1.0000
INFO:committorch.training.protein_loop:Collected 5 snapshots, 0 OPES kernels total
INFO:__main__:Iteration 664: loss=7.5630e+02, bke=7.5583e+02, boundary=4.6923e-01
INFO:__main__:  OPES: n_kernels=0, rct=-14.1346, ess=1.0000
INFO:committorch.training.protein_loop:Collected 5 snapshots, 0 OPES kernels total
INFO:__main__:Iteration 665: loss=9.1782e+02, bke=9.1735e+02, boundary=4.6914e-01
INFO:__main__:  OPES: n_kernels=0, rct=-14.1346, ess=1.0000
INFO:committorch.training.protein_loop:Collected 5 snapshots, 0 OPES kernels total
INFO:__main__:Iteration 666: loss=9.0221e+02, bke=9.0175e+02, boundary=4.6910e-01
INFO:__main__:  OPES: n_kernels=0, rct=-14.1346, ess=1.0000
INFO:committorch.training.protein_loop:Collected 5 snapshots, 0 OPES kernels total
INFO:__main__:Iteration 667: loss=9.2115e+02, bke=9.2068e+02, boundary=4.6907e-01
INFO:__main__:  OPES: n_kernels=0, rct=-14.1346, ess=1.0000
INFO:committorch.training.protein_loop:Collected 5 snapshots, 0 OPES kernels total
INFO:__main__:Iteration 668: loss=9.4264e+02, bke=9.4217e+02, boundary=4.6912e-01
INFO:__main__:  OPES: n_kernels=0, rct=-14.1346, ess=1.0000
INFO:committorch.training.protein_loop:Collected 5 snapshots, 0 OPES kernels total
INFO:__main__:Iteration 669: loss=9.2365e+02, bke=9.2318e+02, boundary=4.6900e-01
INFO:__main__:  OPES: n_kernels=0, rct=-14.1346, ess=1.0000
INFO:committorch.training.protein_loop:Collected 5 snapshots, 0 OPES kernels total
INFO:__main__:Iteration 670: loss=9.5790e+02, bke=9.5743e+02, boundary=4.6893e-01
INFO:__main__:  OPES: n_kernels=0, rct=-14.1346, ess=1.0000
INFO:committorch.training.protein_loop:Collected 5 snapshots, 0 OPES kernels total
INFO:__main__:Iteration 671: loss=8.7129e+02, bke=8.7082e+02, boundary=4.6884e-01
INFO:__main__:  OPES: n_kernels=0, rct=-14.1346, ess=1.0000
INFO:committorch.training.protein_loop:Collected 5 snapshots, 0 OPES kernels total
INFO:__main__:Iteration 672: loss=9.3566e+02, bke=9.3519e+02, boundary=4.6881e-01
INFO:__main__:  OPES: n_kernels=0, rct=-14.1346, ess=1.0000
INFO:committorch.training.protein_loop:Collected 5 snapshots, 0 OPES kernels total
INFO:__main__:Iteration 673: loss=8.8088e+02, bke=8.8041e+02, boundary=4.6875e-01
INFO:__main__:  OPES: n_kernels=0, rct=-14.1346, ess=1.0000
INFO:committorch.training.protein_loop:Collected 5 snapshots, 0 OPES kernels total
INFO:__main__:Iteration 674: loss=9.7062e+02, bke=9.7015e+02, boundary=4.6871e-01
INFO:__main__:  OPES: n_kernels=0, rct=-14.1346, ess=1.0000
INFO:committorch.training.protein_loop:Collected 5 snapshots, 0 OPES kernels total
INFO:__main__:Iteration 675: loss=9.6096e+02, bke=9.6049e+02, boundary=4.6868e-01
INFO:__main__:  OPES: n_kernels=0, rct=-14.1346, ess=1.0000
INFO:committorch.training.protein_loop:Collected 5 snapshots, 0 OPES kernels total
INFO:__main__:Iteration 676: loss=9.6474e+02, bke=9.6427e+02, boundary=4.6865e-01
INFO:__main__:  OPES: n_kernels=0, rct=-14.1346, ess=1.0000
INFO:committorch.training.protein_loop:Collected 5 snapshots, 0 OPES kernels total
INFO:__main__:Iteration 677: loss=9.4981e+02, bke=9.4934e+02, boundary=4.6873e-01
INFO:__main__:  OPES: n_kernels=0, rct=-14.1346, ess=1.0000
INFO:committorch.training.protein_loop:Collected 5 snapshots, 0 OPES kernels total
INFO:__main__:Iteration 678: loss=9.4191e+02, bke=9.4144e+02, boundary=4.6875e-01
INFO:__main__:  OPES: n_kernels=0, rct=-14.1346, ess=1.0000
INFO:committorch.training.protein_loop:Collected 5 snapshots, 0 OPES kernels total
INFO:__main__:Iteration 679: loss=9.6568e+02, bke=9.6521e+02, boundary=4.6861e-01
INFO:__main__:  OPES: n_kernels=0, rct=-14.1346, ess=1.0000
INFO:committorch.training.protein_loop:Collected 5 snapshots, 0 OPES kernels total
INFO:__main__:Iteration 680: loss=8.7885e+02, bke=8.7838e+02, boundary=4.6843e-01
INFO:__main__:  OPES: n_kernels=0, rct=-14.1346, ess=1.0000
INFO:committorch.training.protein_loop:Collected 5 snapshots, 0 OPES kernels total
INFO:__main__:Iteration 681: loss=9.6951e+02, bke=9.6904e+02, boundary=4.6836e-01
INFO:__main__:  OPES: n_kernels=0, rct=-14.1346, ess=1.0000
INFO:committorch.training.protein_loop:Collected 5 snapshots, 0 OPES kernels total
INFO:__main__:Iteration 682: loss=9.7029e+02, bke=9.6982e+02, boundary=4.6842e-01
INFO:__main__:  OPES: n_kernels=0, rct=-14.1346, ess=1.0000
INFO:committorch.training.protein_loop:Collected 5 snapshots, 0 OPES kernels total
INFO:__main__:Iteration 683: loss=9.3015e+02, bke=9.2968e+02, boundary=4.6852e-01
INFO:__main__:  OPES: n_kernels=0, rct=-14.1346, ess=1.0000
INFO:committorch.training.protein_loop:Collected 5 snapshots, 0 OPES kernels total
INFO:__main__:Iteration 684: loss=9.0042e+02, bke=8.9995e+02, boundary=4.6848e-01
INFO:__main__:  OPES: n_kernels=0, rct=-14.1346, ess=1.0000
INFO:committorch.training.protein_loop:Collected 5 snapshots, 0 OPES kernels total
INFO:__main__:Iteration 685: loss=9.6189e+02, bke=9.6142e+02, boundary=4.6824e-01
INFO:__main__:  OPES: n_kernels=0, rct=-14.1346, ess=1.0000
INFO:committorch.training.protein_loop:Collected 5 snapshots, 0 OPES kernels total
INFO:__main__:Iteration 686: loss=9.6230e+02, bke=9.6183e+02, boundary=4.6815e-01
INFO:__main__:  OPES: n_kernels=0, rct=-14.1346, ess=1.0000
INFO:committorch.training.protein_loop:Collected 5 snapshots, 0 OPES kernels total
INFO:__main__:Iteration 687: loss=1.0243e+03, bke=1.0238e+03, boundary=4.6828e-01
INFO:__main__:  OPES: n_kernels=0, rct=-14.1346, ess=1.0000
INFO:committorch.training.protein_loop:Collected 5 snapshots, 0 OPES kernels total
INFO:__main__:Iteration 688: loss=9.7326e+02, bke=9.7279e+02, boundary=4.6848e-01
INFO:__main__:  OPES: n_kernels=0, rct=-14.1346, ess=1.0000
INFO:committorch.training.protein_loop:Collected 5 snapshots, 0 OPES kernels total
INFO:__main__:Iteration 689: loss=9.9287e+02, bke=9.9241e+02, boundary=4.6833e-01
INFO:__main__:  OPES: n_kernels=0, rct=-14.1346, ess=1.0000
INFO:committorch.training.protein_loop:Collected 5 snapshots, 0 OPES kernels total
INFO:__main__:Iteration 690: loss=1.0060e+03, bke=1.0055e+03, boundary=4.6801e-01
INFO:__main__:  OPES: n_kernels=0, rct=-14.1346, ess=1.0000
INFO:committorch.training.protein_loop:Collected 5 snapshots, 0 OPES kernels total
INFO:__main__:Iteration 691: loss=1.0307e+03, bke=1.0302e+03, boundary=4.6793e-01
INFO:__main__:  OPES: n_kernels=0, rct=-14.1346, ess=1.0000
INFO:committorch.training.protein_loop:Collected 5 snapshots, 0 OPES kernels total
INFO:__main__:Iteration 692: loss=1.0224e+03, bke=1.0220e+03, boundary=4.6799e-01
INFO:__main__:  OPES: n_kernels=0, rct=-14.1346, ess=1.0000
INFO:committorch.training.protein_loop:Collected 5 snapshots, 0 OPES kernels total
INFO:__main__:Iteration 693: loss=1.0618e+03, bke=1.0613e+03, boundary=4.6808e-01
INFO:__main__:  OPES: n_kernels=0, rct=-14.1346, ess=1.0000
INFO:committorch.training.protein_loop:Collected 5 snapshots, 0 OPES kernels total
INFO:__main__:Iteration 694: loss=1.0498e+03, bke=1.0494e+03, boundary=4.6795e-01
INFO:__main__:  OPES: n_kernels=0, rct=-14.1346, ess=1.0000
INFO:committorch.training.protein_loop:Collected 5 snapshots, 0 OPES kernels total
INFO:__main__:Iteration 695: loss=1.0656e+03, bke=1.0651e+03, boundary=4.6780e-01
INFO:__main__:  OPES: n_kernels=0, rct=-14.1346, ess=1.0000
INFO:committorch.training.protein_loop:Collected 5 snapshots, 0 OPES kernels total
INFO:__main__:Iteration 696: loss=1.0699e+03, bke=1.0694e+03, boundary=4.6770e-01
INFO:__main__:  OPES: n_kernels=0, rct=-14.1346, ess=1.0000
INFO:committorch.training.protein_loop:Collected 5 snapshots, 0 OPES kernels total
INFO:__main__:Iteration 697: loss=9.9523e+02, bke=9.9476e+02, boundary=4.6777e-01
INFO:__main__:  OPES: n_kernels=0, rct=-14.1346, ess=1.0000
INFO:committorch.training.protein_loop:Collected 5 snapshots, 0 OPES kernels total
INFO:__main__:Iteration 698: loss=1.0776e+03, bke=1.0771e+03, boundary=4.6802e-01
INFO:__main__:  OPES: n_kernels=0, rct=-14.1346, ess=1.0000
INFO:committorch.training.protein_loop:Collected 5 snapshots, 0 OPES kernels total
INFO:__main__:Iteration 699: loss=1.0833e+03, bke=1.0828e+03, boundary=4.6785e-01
INFO:__main__:  OPES: n_kernels=0, rct=-14.1346, ess=1.0000
INFO:committorch.training.protein_loop:Collected 5 snapshots, 0 OPES kernels total
INFO:__main__:Iteration 700: loss=1.0548e+03, bke=1.0544e+03, boundary=4.6760e-01
INFO:__main__:  OPES: n_kernels=0, rct=-14.1346, ess=1.0000
INFO:committorch.training.protein_loop:Collected 5 snapshots, 0 OPES kernels total
INFO:__main__:Iteration 701: loss=1.0513e+03, bke=1.0508e+03, boundary=4.6752e-01
INFO:__main__:  OPES: n_kernels=0, rct=-14.1346, ess=1.0000
INFO:committorch.training.protein_loop:Collected 5 snapshots, 0 OPES kernels total
INFO:__main__:Iteration 702: loss=1.0944e+03, bke=1.0940e+03, boundary=4.6766e-01
INFO:__main__:  OPES: n_kernels=0, rct=-14.1346, ess=1.0000
INFO:committorch.training.protein_loop:Collected 5 snapshots, 0 OPES kernels total
INFO:__main__:Iteration 703: loss=1.0974e+03, bke=1.0969e+03, boundary=4.6781e-01
INFO:__main__:  OPES: n_kernels=0, rct=-14.1346, ess=1.0000
INFO:committorch.training.protein_loop:Collected 5 snapshots, 0 OPES kernels total
INFO:__main__:Iteration 704: loss=1.1113e+03, bke=1.1108e+03, boundary=4.6752e-01
INFO:__main__:  OPES: n_kernels=0, rct=-14.1346, ess=1.0000
INFO:committorch.training.protein_loop:Collected 5 snapshots, 0 OPES kernels total
INFO:__main__:Iteration 705: loss=9.7820e+02, bke=9.7773e+02, boundary=4.6736e-01
INFO:__main__:  OPES: n_kernels=0, rct=-14.1346, ess=1.0000
INFO:committorch.training.protein_loop:Collected 5 snapshots, 0 OPES kernels total
INFO:__main__:Iteration 706: loss=1.0662e+03, bke=1.0658e+03, boundary=4.6733e-01
INFO:__main__:  OPES: n_kernels=0, rct=-14.1346, ess=1.0000
INFO:committorch.training.protein_loop:Collected 5 snapshots, 0 OPES kernels total
INFO:__main__:Iteration 707: loss=1.1214e+03, bke=1.1209e+03, boundary=4.6737e-01
INFO:__main__:  OPES: n_kernels=0, rct=-14.1346, ess=1.0000
INFO:committorch.training.protein_loop:Collected 5 snapshots, 0 OPES kernels total
INFO:__main__:Iteration 708: loss=1.1400e+03, bke=1.1395e+03, boundary=4.6749e-01
INFO:__main__:  OPES: n_kernels=0, rct=-14.1346, ess=1.0000
INFO:committorch.training.protein_loop:Collected 5 snapshots, 0 OPES kernels total
INFO:__main__:Iteration 709: loss=9.1571e+02, bke=9.1524e+02, boundary=4.6732e-01
INFO:__main__:  OPES: n_kernels=0, rct=-14.1346, ess=1.0000
INFO:committorch.training.protein_loop:Collected 5 snapshots, 0 OPES kernels total
INFO:__main__:Iteration 710: loss=1.0453e+03, bke=1.0448e+03, boundary=4.6718e-01
INFO:__main__:  OPES: n_kernels=0, rct=-14.1346, ess=1.0000
INFO:committorch.training.protein_loop:Collected 5 snapshots, 0 OPES kernels total
INFO:__main__:Iteration 711: loss=1.1488e+03, bke=1.1484e+03, boundary=4.6711e-01
INFO:__main__:  OPES: n_kernels=0, rct=-14.1346, ess=1.0000
INFO:committorch.training.protein_loop:Collected 5 snapshots, 0 OPES kernels total
INFO:__main__:Iteration 712: loss=1.1574e+03, bke=1.1569e+03, boundary=4.6717e-01
INFO:__main__:  OPES: n_kernels=0, rct=-14.1346, ess=1.0000
INFO:committorch.training.protein_loop:Collected 5 snapshots, 0 OPES kernels total
INFO:__main__:Iteration 713: loss=1.0798e+03, bke=1.0793e+03, boundary=4.6736e-01
INFO:__main__:  OPES: n_kernels=0, rct=-14.1346, ess=1.0000
INFO:committorch.training.protein_loop:Collected 5 snapshots, 0 OPES kernels total
INFO:__main__:Iteration 714: loss=8.8262e+02, bke=8.8215e+02, boundary=4.6723e-01
INFO:__main__:  OPES: n_kernels=0, rct=-14.1346, ess=1.0000
INFO:committorch.training.protein_loop:Collected 5 snapshots, 0 OPES kernels total
INFO:__main__:Iteration 715: loss=1.0763e+03, bke=1.0758e+03, boundary=4.6700e-01
INFO:__main__:  OPES: n_kernels=0, rct=-14.1346, ess=1.0000
INFO:committorch.training.protein_loop:Collected 5 snapshots, 0 OPES kernels total
INFO:__main__:Iteration 716: loss=1.0699e+03, bke=1.0695e+03, boundary=4.6692e-01
INFO:__main__:  OPES: n_kernels=0, rct=-14.1346, ess=1.0000
INFO:committorch.training.protein_loop:Collected 5 snapshots, 0 OPES kernels total
INFO:__main__:Iteration 717: loss=1.1262e+03, bke=1.1257e+03, boundary=4.6708e-01
INFO:__main__:  OPES: n_kernels=0, rct=-14.1346, ess=1.0000
INFO:committorch.training.protein_loop:Collected 5 snapshots, 0 OPES kernels total
INFO:__main__:Iteration 718: loss=1.2029e+03, bke=1.2024e+03, boundary=4.6718e-01
INFO:__main__:  OPES: n_kernels=0, rct=-14.1346, ess=1.0000
INFO:committorch.training.protein_loop:Collected 5 snapshots, 0 OPES kernels total
INFO:__main__:Iteration 719: loss=1.2114e+03, bke=1.2110e+03, boundary=4.6700e-01
INFO:__main__:  OPES: n_kernels=0, rct=-14.1346, ess=1.0000
INFO:committorch.training.protein_loop:Collected 5 snapshots, 0 OPES kernels total
INFO:__main__:Iteration 720: loss=1.2042e+03, bke=1.2038e+03, boundary=4.6677e-01
INFO:__main__:  OPES: n_kernels=0, rct=-14.1346, ess=1.0000
INFO:committorch.training.protein_loop:Collected 5 snapshots, 0 OPES kernels total
INFO:__main__:Iteration 721: loss=1.2064e+03, bke=1.2060e+03, boundary=4.6683e-01
INFO:__main__:  OPES: n_kernels=0, rct=-14.1346, ess=1.0000
INFO:committorch.training.protein_loop:Collected 5 snapshots, 0 OPES kernels total
INFO:__main__:Iteration 722: loss=1.2333e+03, bke=1.2329e+03, boundary=4.6705e-01
INFO:__main__:  OPES: n_kernels=0, rct=-14.1346, ess=1.0000
INFO:committorch.training.protein_loop:Collected 5 snapshots, 0 OPES kernels total
INFO:__main__:Iteration 723: loss=1.2318e+03, bke=1.2313e+03, boundary=4.6692e-01
INFO:__main__:  OPES: n_kernels=0, rct=-14.1346, ess=1.0000
INFO:committorch.training.protein_loop:Collected 5 snapshots, 0 OPES kernels total
INFO:__main__:Iteration 724: loss=1.1528e+03, bke=1.1523e+03, boundary=4.6667e-01
INFO:__main__:  OPES: n_kernels=0, rct=-14.1346, ess=1.0000
INFO:committorch.training.protein_loop:Collected 5 snapshots, 0 OPES kernels total
INFO:__main__:Iteration 725: loss=1.2398e+03, bke=1.2393e+03, boundary=4.6659e-01
INFO:__main__:  OPES: n_kernels=0, rct=-14.1346, ess=1.0000
INFO:committorch.training.protein_loop:Collected 5 snapshots, 0 OPES kernels total
INFO:__main__:Iteration 726: loss=1.1462e+03, bke=1.1457e+03, boundary=4.6663e-01
INFO:__main__:  OPES: n_kernels=0, rct=-14.1346, ess=1.0000
INFO:committorch.training.protein_loop:Collected 5 snapshots, 0 OPES kernels total
INFO:__main__:Iteration 727: loss=1.2110e+03, bke=1.2105e+03, boundary=4.6666e-01
INFO:__main__:  OPES: n_kernels=0, rct=-14.1346, ess=1.0000
INFO:committorch.training.protein_loop:Collected 5 snapshots, 0 OPES kernels total
INFO:__main__:Iteration 728: loss=1.2223e+03, bke=1.2218e+03, boundary=4.6667e-01
INFO:__main__:  OPES: n_kernels=0, rct=-14.1346, ess=1.0000
INFO:committorch.training.protein_loop:Collected 5 snapshots, 0 OPES kernels total
INFO:__main__:Iteration 729: loss=1.2362e+03, bke=1.2358e+03, boundary=4.6650e-01
INFO:__main__:  OPES: n_kernels=0, rct=-14.1346, ess=1.0000
INFO:committorch.training.protein_loop:Collected 5 snapshots, 0 OPES kernels total
INFO:__main__:Iteration 730: loss=1.2378e+03, bke=1.2373e+03, boundary=4.6644e-01
INFO:__main__:  OPES: n_kernels=0, rct=-14.1346, ess=1.0000
INFO:committorch.training.protein_loop:Collected 5 snapshots, 0 OPES kernels total
INFO:__main__:Iteration 731: loss=1.1220e+03, bke=1.1215e+03, boundary=4.6640e-01
INFO:__main__:  OPES: n_kernels=0, rct=-14.1346, ess=1.0000
INFO:committorch.training.protein_loop:Collected 5 snapshots, 0 OPES kernels total
INFO:__main__:Iteration 732: loss=1.2160e+03, bke=1.2156e+03, boundary=4.6640e-01
INFO:__main__:  OPES: n_kernels=0, rct=-14.1346, ess=1.0000
INFO:committorch.training.protein_loop:Collected 5 snapshots, 0 OPES kernels total
INFO:__main__:Iteration 733: loss=1.2539e+03, bke=1.2534e+03, boundary=4.6646e-01
INFO:__main__:  OPES: n_kernels=0, rct=-14.1346, ess=1.0000
INFO:committorch.training.protein_loop:Collected 5 snapshots, 0 OPES kernels total
INFO:__main__:Iteration 734: loss=1.1970e+03, bke=1.1965e+03, boundary=4.6643e-01
INFO:__main__:  OPES: n_kernels=0, rct=-14.1346, ess=1.0000
INFO:committorch.training.protein_loop:Collected 5 snapshots, 0 OPES kernels total
INFO:__main__:Iteration 735: loss=1.2586e+03, bke=1.2581e+03, boundary=4.6634e-01
INFO:__main__:  OPES: n_kernels=0, rct=-14.1346, ess=1.0000
INFO:committorch.training.protein_loop:Collected 5 snapshots, 0 OPES kernels total
INFO:__main__:Iteration 736: loss=1.2844e+03, bke=1.2839e+03, boundary=4.6626e-01
INFO:__main__:  OPES: n_kernels=0, rct=-14.1346, ess=1.0000
INFO:committorch.training.protein_loop:Collected 5 snapshots, 0 OPES kernels total
INFO:__main__:Iteration 737: loss=1.2808e+03, bke=1.2803e+03, boundary=4.6622e-01
INFO:__main__:  OPES: n_kernels=0, rct=-14.1346, ess=1.0000
INFO:committorch.training.protein_loop:Collected 5 snapshots, 0 OPES kernels total
INFO:__main__:Iteration 738: loss=1.1022e+03, bke=1.1018e+03, boundary=4.6618e-01
INFO:__main__:  OPES: n_kernels=0, rct=-14.1346, ess=1.0000
INFO:committorch.training.protein_loop:Collected 5 snapshots, 0 OPES kernels total
INFO:__main__:Iteration 739: loss=1.2030e+03, bke=1.2025e+03, boundary=4.6613e-01
INFO:__main__:  OPES: n_kernels=0, rct=-14.1346, ess=1.0000
INFO:committorch.training.protein_loop:Collected 5 snapshots, 0 OPES kernels total
INFO:__main__:Iteration 740: loss=1.2565e+03, bke=1.2561e+03, boundary=4.6611e-01
INFO:__main__:  OPES: n_kernels=0, rct=-14.1346, ess=1.0000
INFO:committorch.training.protein_loop:Collected 5 snapshots, 0 OPES kernels total
INFO:__main__:Iteration 741: loss=1.1590e+03, bke=1.1585e+03, boundary=4.6610e-01
INFO:__main__:  OPES: n_kernels=0, rct=-14.1346, ess=1.0000
INFO:committorch.training.protein_loop:Collected 5 snapshots, 0 OPES kernels total
INFO:__main__:Iteration 742: loss=1.2046e+03, bke=1.2041e+03, boundary=4.6614e-01
INFO:__main__:  OPES: n_kernels=0, rct=-14.1346, ess=1.0000
INFO:committorch.training.protein_loop:Collected 5 snapshots, 0 OPES kernels total
INFO:__main__:Iteration 743: loss=1.1484e+03, bke=1.1479e+03, boundary=4.6611e-01
INFO:__main__:  OPES: n_kernels=0, rct=-14.1346, ess=1.0000
INFO:committorch.training.protein_loop:Collected 5 snapshots, 0 OPES kernels total
INFO:__main__:Iteration 744: loss=1.3362e+03, bke=1.3357e+03, boundary=4.6605e-01
INFO:__main__:  OPES: n_kernels=0, rct=-14.1346, ess=1.0000
INFO:committorch.training.protein_loop:Collected 5 snapshots, 0 OPES kernels total
INFO:__main__:Iteration 745: loss=1.3061e+03, bke=1.3056e+03, boundary=4.6596e-01
INFO:__main__:  OPES: n_kernels=0, rct=-14.1346, ess=1.0000
INFO:committorch.training.protein_loop:Collected 5 snapshots, 0 OPES kernels total
INFO:__main__:Iteration 746: loss=1.3561e+03, bke=1.3556e+03, boundary=4.6590e-01
INFO:__main__:  OPES: n_kernels=0, rct=-14.1346, ess=1.0000
INFO:committorch.training.protein_loop:Collected 5 snapshots, 0 OPES kernels total
INFO:__main__:Iteration 747: loss=1.3115e+03, bke=1.3110e+03, boundary=4.6594e-01
INFO:__main__:  OPES: n_kernels=0, rct=-14.1346, ess=1.0000
INFO:committorch.training.protein_loop:Collected 5 snapshots, 0 OPES kernels total
INFO:__main__:Iteration 748: loss=1.2073e+03, bke=1.2068e+03, boundary=4.6606e-01
INFO:__main__:  OPES: n_kernels=0, rct=-14.1346, ess=1.0000
INFO:committorch.training.protein_loop:Collected 5 snapshots, 0 OPES kernels total
INFO:__main__:Iteration 749: loss=1.1907e+03, bke=1.1903e+03, boundary=4.6611e-01
INFO:__main__:  OPES: n_kernels=0, rct=-14.1346, ess=1.0000
INFO:committorch.training.protein_loop:Collected 5 snapshots, 0 OPES kernels total
INFO:__main__:Iteration 750: loss=1.3410e+03, bke=1.3405e+03, boundary=4.6593e-01
INFO:__main__:  OPES: n_kernels=0, rct=-14.1346, ess=1.0000
INFO:committorch.training.protein_loop:Collected 5 snapshots, 0 OPES kernels total
INFO:__main__:Iteration 751: loss=1.3483e+03, bke=1.3478e+03, boundary=4.6577e-01
INFO:__main__:  OPES: n_kernels=0, rct=-14.1346, ess=1.0000
INFO:committorch.training.protein_loop:Collected 5 snapshots, 0 OPES kernels total
INFO:__main__:Iteration 752: loss=1.3447e+03, bke=1.3442e+03, boundary=4.6584e-01
INFO:__main__:  OPES: n_kernels=0, rct=-14.1346, ess=1.0000
INFO:committorch.training.protein_loop:Collected 5 snapshots, 0 OPES kernels total
INFO:__main__:Iteration 753: loss=1.3202e+03, bke=1.3197e+03, boundary=4.6608e-01
INFO:__main__:  OPES: n_kernels=0, rct=-14.1346, ess=1.0000
INFO:committorch.training.protein_loop:Collected 5 snapshots, 0 OPES kernels total
INFO:__main__:Iteration 754: loss=1.3814e+03, bke=1.3809e+03, boundary=4.6602e-01
INFO:__main__:  OPES: n_kernels=0, rct=-14.1346, ess=1.0000
INFO:committorch.training.protein_loop:Collected 5 snapshots, 0 OPES kernels total
INFO:__main__:Iteration 755: loss=1.4038e+03, bke=1.4033e+03, boundary=4.6573e-01
INFO:__main__:  OPES: n_kernels=0, rct=-14.1346, ess=1.0000
INFO:committorch.training.protein_loop:Collected 5 snapshots, 0 OPES kernels total
INFO:__main__:Iteration 756: loss=1.4056e+03, bke=1.4051e+03, boundary=4.6561e-01
INFO:__main__:  OPES: n_kernels=0, rct=-14.1346, ess=1.0000
INFO:committorch.training.protein_loop:Collected 5 snapshots, 0 OPES kernels total
INFO:__main__:Iteration 757: loss=1.3902e+03, bke=1.3897e+03, boundary=4.6574e-01
INFO:__main__:  OPES: n_kernels=0, rct=-14.1346, ess=1.0000
INFO:committorch.training.protein_loop:Collected 5 snapshots, 0 OPES kernels total
INFO:__main__:Iteration 758: loss=1.3861e+03, bke=1.3856e+03, boundary=4.6596e-01
INFO:__main__:  OPES: n_kernels=0, rct=-14.1346, ess=1.0000
INFO:committorch.training.protein_loop:Collected 5 snapshots, 0 OPES kernels total
INFO:__main__:Iteration 759: loss=1.2835e+03, bke=1.2831e+03, boundary=4.6576e-01
INFO:__main__:  OPES: n_kernels=0, rct=-14.1346, ess=1.0000
INFO:committorch.training.protein_loop:Collected 5 snapshots, 0 OPES kernels total
INFO:__main__:Iteration 760: loss=1.4071e+03, bke=1.4066e+03, boundary=4.6553e-01
INFO:__main__:  OPES: n_kernels=0, rct=-14.1346, ess=1.0000
INFO:committorch.training.protein_loop:Collected 5 snapshots, 0 OPES kernels total
INFO:__main__:Iteration 761: loss=1.3883e+03, bke=1.3879e+03, boundary=4.6548e-01
INFO:__main__:  OPES: n_kernels=0, rct=-14.1346, ess=1.0000
INFO:committorch.training.protein_loop:Collected 5 snapshots, 0 OPES kernels total
INFO:__main__:Iteration 762: loss=1.4294e+03, bke=1.4290e+03, boundary=4.6552e-01
INFO:__main__:  OPES: n_kernels=0, rct=-14.1346, ess=1.0000
INFO:committorch.training.protein_loop:Collected 5 snapshots, 0 OPES kernels total
INFO:__main__:Iteration 763: loss=1.3579e+03, bke=1.3574e+03, boundary=4.6551e-01
INFO:__main__:  OPES: n_kernels=0, rct=-14.1346, ess=1.0000
INFO:committorch.training.protein_loop:Collected 5 snapshots, 0 OPES kernels total
INFO:__main__:Iteration 764: loss=1.4126e+03, bke=1.4121e+03, boundary=4.6545e-01
INFO:__main__:  OPES: n_kernels=0, rct=-14.1346, ess=1.0000
INFO:committorch.training.protein_loop:Collected 5 snapshots, 0 OPES kernels total
INFO:__main__:Iteration 765: loss=1.3465e+03, bke=1.3460e+03, boundary=4.6539e-01
INFO:__main__:  OPES: n_kernels=0, rct=-14.1346, ess=1.0000
INFO:committorch.training.protein_loop:Collected 5 snapshots, 0 OPES kernels total
INFO:__main__:Iteration 766: loss=1.4640e+03, bke=1.4636e+03, boundary=4.6538e-01
INFO:__main__:  OPES: n_kernels=0, rct=-14.1346, ess=1.0000
INFO:committorch.training.protein_loop:Collected 5 snapshots, 0 OPES kernels total
INFO:__main__:Iteration 767: loss=1.3569e+03, bke=1.3564e+03, boundary=4.6535e-01
INFO:__main__:  OPES: n_kernels=0, rct=-14.1346, ess=1.0000
INFO:committorch.training.protein_loop:Collected 5 snapshots, 0 OPES kernels total
INFO:__main__:Iteration 768: loss=1.4684e+03, bke=1.4680e+03, boundary=4.6529e-01
INFO:__main__:  OPES: n_kernels=0, rct=-14.1346, ess=1.0000
INFO:committorch.training.protein_loop:Collected 5 snapshots, 0 OPES kernels total
INFO:__main__:Iteration 769: loss=1.4636e+03, bke=1.4632e+03, boundary=4.6525e-01
INFO:__main__:  OPES: n_kernels=0, rct=-14.1346, ess=1.0000
INFO:committorch.training.protein_loop:Collected 5 snapshots, 0 OPES kernels total
INFO:__main__:Iteration 770: loss=1.4812e+03, bke=1.4808e+03, boundary=4.6523e-01
INFO:__main__:  OPES: n_kernels=0, rct=-14.1346, ess=1.0000
INFO:committorch.training.protein_loop:Collected 5 snapshots, 0 OPES kernels total
INFO:__main__:Iteration 771: loss=1.4415e+03, bke=1.4411e+03, boundary=4.6528e-01
INFO:__main__:  OPES: n_kernels=0, rct=-14.1346, ess=1.0000
INFO:committorch.training.protein_loop:Collected 5 snapshots, 0 OPES kernels total
INFO:__main__:Iteration 772: loss=1.4507e+03, bke=1.4502e+03, boundary=4.6529e-01
INFO:__main__:  OPES: n_kernels=0, rct=-14.1346, ess=1.0000
INFO:committorch.training.protein_loop:Collected 5 snapshots, 0 OPES kernels total
INFO:__main__:Iteration 773: loss=1.3914e+03, bke=1.3910e+03, boundary=4.6530e-01
INFO:__main__:  OPES: n_kernels=0, rct=-14.1346, ess=1.0000
INFO:committorch.training.protein_loop:Collected 5 snapshots, 0 OPES kernels total
INFO:__main__:Iteration 774: loss=1.4389e+03, bke=1.4385e+03, boundary=4.6518e-01
INFO:__main__:  OPES: n_kernels=0, rct=-14.1346, ess=1.0000
INFO:committorch.training.protein_loop:Collected 5 snapshots, 0 OPES kernels total
INFO:__main__:Iteration 775: loss=1.4744e+03, bke=1.4739e+03, boundary=4.6509e-01
INFO:__main__:  OPES: n_kernels=0, rct=-14.1346, ess=1.0000
INFO:committorch.training.protein_loop:Collected 5 snapshots, 0 OPES kernels total
INFO:__main__:Iteration 776: loss=1.5164e+03, bke=1.5159e+03, boundary=4.6505e-01
INFO:__main__:  OPES: n_kernels=0, rct=-14.1346, ess=1.0000
INFO:committorch.training.protein_loop:Collected 5 snapshots, 0 OPES kernels total
INFO:__main__:Iteration 777: loss=1.3725e+03, bke=1.3720e+03, boundary=4.6503e-01
INFO:__main__:  OPES: n_kernels=0, rct=-14.1346, ess=1.0000
INFO:committorch.training.protein_loop:Collected 5 snapshots, 0 OPES kernels total
INFO:__main__:Iteration 778: loss=1.4728e+03, bke=1.4723e+03, boundary=4.6501e-01
INFO:__main__:  OPES: n_kernels=0, rct=-14.1346, ess=1.0000
INFO:committorch.training.protein_loop:Collected 5 snapshots, 0 OPES kernels total
INFO:__main__:Iteration 779: loss=1.4492e+03, bke=1.4487e+03, boundary=4.6504e-01
INFO:__main__:  OPES: n_kernels=0, rct=-14.1346, ess=1.0000
INFO:committorch.training.protein_loop:Collected 5 snapshots, 0 OPES kernels total
INFO:__main__:Iteration 780: loss=1.5094e+03, bke=1.5090e+03, boundary=4.6509e-01
INFO:__main__:  OPES: n_kernels=0, rct=-14.1346, ess=1.0000
INFO:committorch.training.protein_loop:Collected 5 snapshots, 0 OPES kernels total
INFO:__main__:Iteration 781: loss=1.2487e+03, bke=1.2483e+03, boundary=4.6507e-01
INFO:__main__:  OPES: n_kernels=0, rct=-14.1346, ess=1.0000
INFO:committorch.training.protein_loop:Collected 5 snapshots, 0 OPES kernels total
INFO:__main__:Iteration 782: loss=1.0692e+03, bke=1.0688e+03, boundary=4.6496e-01
INFO:__main__:  OPES: n_kernels=0, rct=-14.1346, ess=1.0000
INFO:committorch.training.protein_loop:Collected 5 snapshots, 0 OPES kernels total
INFO:__main__:Iteration 783: loss=1.2340e+03, bke=1.2336e+03, boundary=4.6487e-01
INFO:__main__:  OPES: n_kernels=0, rct=-14.1346, ess=1.0000
INFO:committorch.training.protein_loop:Collected 5 snapshots, 0 OPES kernels total
INFO:__main__:Iteration 784: loss=1.3825e+03, bke=1.3820e+03, boundary=4.6486e-01
INFO:__main__:  OPES: n_kernels=0, rct=-14.1346, ess=1.0000
INFO:committorch.training.protein_loop:Collected 5 snapshots, 0 OPES kernels total
INFO:__main__:Iteration 785: loss=1.2995e+03, bke=1.2991e+03, boundary=4.6495e-01
INFO:__main__:  OPES: n_kernels=0, rct=-14.1346, ess=1.0000
INFO:committorch.training.protein_loop:Collected 5 snapshots, 0 OPES kernels total
INFO:__main__:Iteration 786: loss=1.4886e+03, bke=1.4881e+03, boundary=4.6509e-01
INFO:__main__:  OPES: n_kernels=0, rct=-14.1346, ess=1.0000
INFO:committorch.training.protein_loop:Collected 5 snapshots, 0 OPES kernels total
INFO:__main__:Iteration 787: loss=1.2916e+03, bke=1.2911e+03, boundary=4.6502e-01
INFO:__main__:  OPES: n_kernels=0, rct=-14.1346, ess=1.0000
INFO:committorch.training.protein_loop:Collected 5 snapshots, 0 OPES kernels total
INFO:__main__:Iteration 788: loss=1.3997e+03, bke=1.3992e+03, boundary=4.6483e-01
INFO:__main__:  OPES: n_kernels=0, rct=-14.1346, ess=1.0000
INFO:committorch.training.protein_loop:Collected 5 snapshots, 0 OPES kernels total
INFO:__main__:Iteration 789: loss=1.5270e+03, bke=1.5265e+03, boundary=4.6473e-01
INFO:__main__:  OPES: n_kernels=0, rct=-14.1346, ess=1.0000
INFO:committorch.training.protein_loop:Collected 5 snapshots, 0 OPES kernels total
INFO:__main__:Iteration 790: loss=1.2196e+03, bke=1.2191e+03, boundary=4.6486e-01
INFO:__main__:  OPES: n_kernels=0, rct=-14.1346, ess=1.0000
INFO:committorch.training.protein_loop:Collected 5 snapshots, 0 OPES kernels total
INFO:__main__:Iteration 791: loss=1.4900e+03, bke=1.4895e+03, boundary=4.6502e-01
INFO:__main__:  OPES: n_kernels=0, rct=-14.1346, ess=1.0000
INFO:committorch.training.protein_loop:Collected 5 snapshots, 0 OPES kernels total
INFO:__main__:Iteration 792: loss=1.5606e+03, bke=1.5601e+03, boundary=4.6492e-01
INFO:__main__:  OPES: n_kernels=0, rct=-14.1346, ess=1.0000
INFO:committorch.training.protein_loop:Collected 5 snapshots, 0 OPES kernels total
INFO:__main__:Iteration 793: loss=1.5406e+03, bke=1.5401e+03, boundary=4.6468e-01
INFO:__main__:  OPES: n_kernels=0, rct=-14.1346, ess=1.0000
INFO:committorch.training.protein_loop:Collected 5 snapshots, 0 OPES kernels total
INFO:__main__:Iteration 794: loss=1.6167e+03, bke=1.6162e+03, boundary=4.6458e-01
INFO:__main__:  OPES: n_kernels=0, rct=-14.1346, ess=1.0000
INFO:committorch.training.protein_loop:Collected 5 snapshots, 0 OPES kernels total
INFO:__main__:Iteration 795: loss=1.5299e+03, bke=1.5294e+03, boundary=4.6461e-01
INFO:__main__:  OPES: n_kernels=0, rct=-14.1346, ess=1.0000
INFO:committorch.training.protein_loop:Collected 5 snapshots, 0 OPES kernels total
